"anger","anticipation","disgust","fear","joy","sadness","surprise","trust","negative","positive"
1,2,1,2,2,3,4,1,2,4
0,3,0,2,1,0,1,1,3,2
2,3,1,3,3,3,1,5,6,5
2,3,2,2,2,2,2,2,5,3
18,16,14,30,15,25,12,29,47,47
3,6,4,5,3,4,4,6,6,7
3,2,2,3,2,2,2,4,12,6
6,6,6,11,3,6,6,3,12,9
5,8,5,7,4,6,2,6,15,12
0,3,0,1,1,0,2,1,2,2
8,12,6,9,10,6,5,10,11,27
2,0,1,4,1,1,0,1,2,5
13,26,8,24,19,17,21,16,36,34
2,1,2,3,0,4,1,2,6,2
6,16,5,15,18,11,11,26,19,36
3,5,3,4,6,6,3,8,8,10
4,9,2,8,4,3,3,5,12,20
3,5,1,3,3,7,3,9,11,14
18,29,12,28,18,29,20,38,54,56
6,11,3,13,8,10,10,12,19,33
6,14,4,12,16,12,13,17,22,35
3,1,1,4,2,3,1,4,4,4
7,15,5,11,12,11,12,13,19,21
0,4,2,4,3,4,1,4,7,10
3,9,2,2,3,2,2,4,5,6
7,20,6,11,11,10,6,13,25,26
1,8,1,5,3,2,3,3,2,6
10,14,9,11,5,9,7,14,23,17
4,4,2,4,2,5,2,4,9,10
2,4,2,4,2,2,1,4,4,5
1,6,0,2,3,3,3,7,4,8
1,7,0,1,4,2,1,5,3,10
4,6,5,8,2,4,4,4,9,2
1,4,1,1,2,0,4,3,2,4
7,5,6,4,3,5,3,8,16,11
4,4,2,4,5,5,2,4,6,9
1,0,3,2,1,3,1,2,5,2
5,7,2,7,3,7,0,4,17,9
11,29,6,26,18,14,16,26,31,42
0,4,0,4,2,4,1,6,4,4
3,11,5,2,7,6,6,11,9,18
0,4,0,2,2,4,1,3,4,4
7,9,3,12,9,13,5,12,22,22
5,10,4,6,9,8,8,9,15,19
3,5,3,9,5,3,6,6,6,7
7,19,2,9,8,13,11,12,19,29
0,5,1,3,3,1,2,5,2,9
3,10,3,12,4,4,3,9,14,14
4,8,1,8,5,6,5,9,9,13
3,4,3,3,2,8,4,5,7,9
5,7,5,7,2,4,4,5,10,9
1,3,0,2,1,4,0,3,5,3
7,8,6,6,7,10,3,18,20,30
0,0,0,1,2,4,1,1,2,4
4,3,3,5,2,5,4,5,8,3
1,1,0,1,2,3,0,2,5,3
1,2,3,1,1,1,1,2,5,4
1,6,1,5,4,2,4,5,6,8
21,28,11,24,20,22,11,26,52,47
3,3,2,4,1,6,3,3,8,1
5,10,1,7,6,4,6,7,11,16
7,12,7,9,7,13,6,11,18,19
6,7,3,6,4,3,5,8,10,12
3,4,2,1,3,2,1,2,2,6
2,6,3,2,5,4,6,5,6,13
1,7,1,1,5,2,4,5,6,9
3,6,2,9,5,3,4,6,9,9
2,2,1,4,2,1,3,2,4,3
6,13,7,9,11,14,6,15,17,25
6,8,4,10,5,7,6,10,15,9
1,3,0,4,3,2,2,2,3,3
8,6,6,5,6,7,4,7,13,11
5,9,1,6,6,4,2,6,9,13
3,4,1,2,4,7,3,6,9,12
8,9,3,16,9,14,10,18,23,26
1,3,0,2,2,4,4,4,7,5
4,3,2,5,1,3,2,1,8,1
3,4,0,6,3,3,6,6,7,8
1,11,0,5,7,9,6,12,13,19
5,10,3,6,3,4,3,6,10,9
5,5,2,12,5,9,8,11,12,12
8,9,7,12,4,9,3,8,16,14
0,1,0,0,1,1,0,2,1,3
0,4,0,1,3,3,2,2,3,5
2,7,2,2,7,4,8,8,2,20
3,7,5,5,4,6,4,8,11,10
1,6,2,2,4,1,2,2,5,7
5,4,4,8,3,5,2,6,10,10
2,9,2,11,6,9,5,13,14,19
2,5,2,0,3,3,2,4,6,5
1,9,1,1,9,1,4,10,3,12
0,6,2,2,6,2,1,6,5,11
4,8,3,5,6,9,1,5,14,8
1,4,1,2,0,2,0,1,6,4
4,7,3,5,3,5,3,6,6,10
4,13,2,11,11,13,7,13,20,31
1,1,1,2,2,2,0,3,2,5
1,1,2,2,1,0,2,2,4,3
5,8,3,4,2,7,4,4,10,9
2,3,3,4,1,6,5,4,11,6
4,8,7,8,6,11,3,7,17,10
4,7,1,4,3,3,6,5,10,10
3,8,3,5,3,7,2,8,14,13
1,1,1,3,0,4,2,0,4,3
2,5,1,3,2,2,3,2,4,4
0,4,0,5,1,2,0,4,7,4
6,4,4,8,1,7,5,4,12,7
3,10,3,7,7,6,4,6,11,9
2,3,2,3,2,5,1,3,6,5
2,3,3,6,4,4,1,5,8,5
9,16,6,16,8,16,10,10,30,28
10,16,11,13,12,12,5,17,26,25
3,5,3,6,4,2,1,6,7,6
8,5,7,9,8,7,5,9,11,12
1,3,1,3,7,3,3,8,4,10
6,10,7,10,5,11,4,9,21,11
1,3,1,1,2,1,2,3,1,4
5,5,3,8,5,7,5,4,15,10
0,3,1,2,3,1,1,4,3,7
1,6,1,5,3,3,1,4,9,9
3,7,1,4,3,6,3,3,9,5
2,8,5,3,6,3,6,11,10,13
8,8,4,9,6,8,5,7,16,14
0,4,0,0,4,1,2,5,3,8
5,7,4,4,6,8,5,4,7,8
3,4,3,1,3,1,3,4,5,4
4,4,5,8,2,6,3,4,10,5
10,16,9,12,13,9,10,23,30,41
1,1,1,3,0,1,0,0,5,5
2,3,1,2,2,4,1,2,5,4
18,14,10,20,6,15,6,10,30,19
3,5,3,4,6,5,5,9,8,11
0,1,1,1,0,0,0,2,1,1
10,10,8,11,7,10,6,8,16,13
2,4,1,3,6,3,2,5,6,9
2,2,3,6,2,7,3,3,8,4
7,7,4,11,1,7,6,5,14,6
5,9,5,4,7,8,3,6,14,14
1,3,3,2,3,2,2,5,4,4
2,5,3,5,3,9,3,4,8,9
2,10,2,5,7,7,6,9,15,18
0,3,0,1,0,0,2,5,2,12
1,2,0,2,1,3,1,2,5,3
2,4,0,2,2,4,2,3,2,8
2,5,1,5,5,2,3,4,4,6
1,2,0,1,0,0,1,3,2,3
0,1,0,0,2,0,0,1,0,2
1,3,0,0,2,1,2,1,1,3
3,2,2,3,0,3,1,1,6,3
1,6,0,2,2,1,2,5,1,3
2,1,0,1,1,1,2,1,6,3
3,2,3,3,3,2,5,3,8,9
1,3,1,4,3,4,3,3,9,5
3,5,3,1,4,4,2,7,5,7
2,6,2,4,3,3,2,1,6,3
9,8,9,9,5,7,6,11,21,20
1,2,2,2,1,0,1,2,4,1
2,6,2,6,5,4,3,4,6,9
4,6,2,6,2,4,4,5,7,7
1,5,0,2,3,0,3,5,2,5
2,3,4,3,4,3,3,4,4,8
7,8,1,9,3,7,5,7,12,11
1,2,3,1,1,1,1,1,1,2
1,4,2,1,4,4,2,4,6,11
1,5,1,3,5,2,5,3,3,7
1,6,1,2,3,3,2,3,7,5
3,10,2,9,3,8,2,7,8,8
4,4,1,5,3,5,3,4,5,7
8,5,4,6,3,6,4,5,12,11
3,8,3,5,5,9,5,7,8,9
3,7,1,4,5,4,5,6,5,12
1,2,1,2,2,1,1,2,2,3
1,3,3,3,2,4,4,6,10,10
12,12,5,18,12,16,8,18,24,23
4,9,9,6,7,6,7,10,14,12
0,2,1,3,2,1,1,1,3,5
2,1,1,0,1,1,1,2,4,2
2,2,1,1,2,1,1,1,4,2
6,9,2,7,5,2,4,8,10,15
2,6,1,2,7,1,5,8,2,9
1,3,1,6,5,4,3,6,5,13
9,10,6,18,7,12,4,11,26,17
6,7,8,7,8,9,3,9,14,14
0,4,1,1,2,0,1,2,0,6
1,6,1,1,5,0,3,8,4,8
9,11,5,11,11,9,7,13,13,17
1,3,2,2,4,4,1,5,5,8
5,18,7,7,15,6,12,17,18,30
15,16,11,15,15,21,5,17,29,25
3,5,3,7,5,4,2,10,7,11
4,5,1,5,0,3,3,0,8,1
6,11,6,12,13,12,7,13,15,25
4,3,2,5,3,7,0,5,8,6
8,13,9,17,13,13,6,15,20,25
8,8,9,12,7,9,5,9,15,16
19,26,10,25,21,22,19,28,47,43
6,9,2,10,9,7,4,13,14,17
1,3,1,3,5,3,1,6,6,10
4,4,3,3,7,4,4,8,8,8
3,6,5,5,2,6,3,1,7,2
6,11,7,12,4,8,6,5,13,12
2,5,2,3,4,4,3,5,6,8
3,3,0,4,0,1,4,2,4,2
2,3,2,3,1,4,5,1,6,7
1,2,2,4,2,6,1,3,6,2
9,13,6,7,13,12,8,12,18,21
3,4,3,4,1,3,2,2,7,4
3,3,2,3,2,5,3,4,9,6
4,5,3,6,5,6,4,4,7,10
4,10,3,4,10,4,4,15,7,17
4,7,3,8,5,10,5,7,10,13
2,1,2,1,0,2,2,2,5,2
5,5,4,12,5,12,6,9,18,16
2,3,2,1,2,3,2,5,4,9
0,3,0,1,3,1,1,4,2,7
2,5,3,5,3,2,2,3,7,7
3,7,4,4,8,4,5,9,8,12
3,1,4,2,1,3,0,0,7,3
3,6,1,4,3,3,3,4,4,5
1,8,2,1,3,5,4,1,8,5
0,3,2,2,3,7,3,3,8,5
3,10,2,6,10,3,7,10,7,18
11,23,7,14,15,14,11,27,33,43
1,7,3,3,5,4,4,8,5,10
3,3,2,6,5,7,4,8,7,9
4,7,5,4,5,3,5,5,5,9
2,6,0,4,5,3,2,7,7,10
1,6,1,2,4,3,1,4,4,6
4,7,4,6,4,3,1,9,5,10
2,0,1,4,4,4,0,5,5,7
1,4,1,1,2,3,2,1,4,3
2,2,1,4,1,5,1,1,5,2
1,3,0,2,0,2,0,0,3,1
0,3,1,1,2,1,2,2,4,3
0,1,0,1,0,4,0,0,5,0
0,2,0,1,1,5,1,1,5,2
3,7,2,6,1,2,4,3,6,6
1,5,0,1,0,1,2,1,1,1
0,6,0,1,4,2,4,3,3,7
4,6,2,2,4,6,3,6,10,8
9,7,10,10,6,12,4,8,18,12
4,9,6,6,10,8,4,10,11,17
1,3,3,2,2,3,0,1,5,3
0,1,2,3,1,3,0,4,5,4
2,2,4,5,1,3,0,2,10,3
0,4,0,0,2,0,0,5,0,8
2,6,1,5,5,3,2,5,4,6
3,5,3,5,3,4,2,5,7,7
4,4,4,4,4,4,4,5,11,5
9,19,7,15,14,13,6,28,32,45
4,13,3,6,10,7,6,16,11,14
2,11,2,3,8,6,2,8,7,13
2,1,1,2,4,3,1,5,5,6
0,0,0,1,0,1,1,2,2,4
3,3,2,2,3,3,3,5,5,6
1,4,2,2,2,1,2,2,4,4
6,9,3,8,6,6,5,7,16,13
2,3,1,0,1,2,2,1,3,5
1,5,2,1,8,3,3,6,6,13
7,6,4,13,6,10,4,5,15,9
2,3,0,3,0,3,1,4,5,3
4,4,2,2,2,3,2,1,6,3
2,3,2,2,0,3,0,5,4,1
2,7,2,2,5,3,2,7,7,7
1,2,1,1,1,2,1,3,2,4
2,3,1,1,1,3,3,2,6,8
5,8,4,7,7,5,1,5,13,9
6,10,4,7,7,7,4,11,10,12
0,4,2,1,2,2,1,3,2,7
1,8,1,5,7,2,5,7,5,13
1,3,3,1,1,2,2,1,4,3
2,3,1,5,3,5,5,2,5,6
4,7,1,5,6,4,4,4,9,13
1,5,1,1,3,1,2,5,1,7
0,4,1,2,2,3,1,3,4,4
2,7,1,4,2,3,1,8,9,8
1,1,1,3,0,1,0,0,3,0
2,3,0,3,1,2,0,0,3,3
1,2,0,1,0,0,1,5,2,4
1,5,2,1,3,2,1,2,3,4
3,4,1,3,1,1,2,1,4,2
4,7,3,9,6,8,1,10,11,12
10,20,9,13,13,9,10,18,21,28
2,6,2,3,3,6,1,7,8,10
1,5,2,2,1,4,0,4,5,5
2,5,1,5,5,4,2,3,6,11
4,7,4,7,2,8,4,4,12,6
5,6,4,6,1,2,6,1,9,5
5,9,2,6,6,6,4,9,10,11
3,7,4,5,1,6,3,0,13,7
1,2,0,2,1,0,4,1,4,2
1,7,3,2,7,1,2,7,3,13
3,16,4,16,11,12,5,18,17,24
1,4,0,1,1,2,2,1,2,2
0,2,0,0,2,0,0,4,1,6
8,4,4,10,2,9,3,8,17,11
5,7,3,7,4,7,1,4,12,7
0,3,1,0,1,0,0,3,2,4
0,2,0,0,1,2,0,1,2,1
0,3,3,0,2,1,0,4,3,4
1,3,0,3,2,2,2,3,3,5
2,6,3,4,7,3,6,7,8,14
1,1,0,2,1,1,0,5,3,4
1,3,2,4,1,3,0,2,6,2
2,6,2,3,6,5,3,7,10,16
0,1,0,1,1,2,1,4,4,6
48,46,38,66,40,50,23,67,102,96
1,2,0,1,2,2,0,4,5,7
4,1,2,6,0,4,1,0,6,2
8,5,4,12,4,7,3,6,16,11
7,16,8,10,8,13,4,16,20,21
2,9,1,5,11,5,3,11,9,13
0,2,0,0,0,2,0,3,3,5
3,1,2,2,0,3,0,0,8,3
0,2,0,2,1,0,1,1,1,2
1,5,0,2,2,1,3,3,2,9
2,3,1,4,2,5,2,5,8,6
4,8,4,5,7,4,4,8,7,13
7,6,3,8,3,6,5,4,12,7
2,4,3,6,3,4,1,7,8,9
2,5,2,5,4,4,4,7,6,7
1,1,0,2,1,3,0,2,2,3
0,3,0,1,3,0,1,1,2,7
15,22,13,19,22,24,14,23,45,43
10,18,7,15,10,19,6,23,34,40
1,6,2,3,4,4,0,5,8,8
4,2,2,3,1,2,2,1,6,4
3,3,2,4,2,3,3,3,9,6
1,10,2,7,5,11,7,5,13,12
1,3,0,4,4,4,1,5,5,10
16,16,11,17,13,20,8,23,28,27
1,3,1,7,1,6,2,3,11,6
2,5,1,4,2,2,3,1,6,3
0,2,0,1,2,2,1,2,2,2
4,10,5,9,11,8,9,11,10,18
1,4,1,2,6,5,4,6,7,10
3,2,1,4,1,2,1,4,4,6
1,0,1,2,1,2,0,1,7,2
1,3,2,4,1,3,2,5,5,5
0,2,1,1,2,2,0,3,4,3
2,5,1,5,3,5,1,2,10,7
1,6,3,3,3,4,3,7,6,9
5,5,2,4,4,6,4,5,14,8
1,4,3,2,2,2,2,1,2,4
4,5,2,5,6,5,3,6,8,9
1,1,1,3,2,0,0,4,1,4
4,3,4,6,4,10,2,2,11,7
2,5,2,3,2,3,3,3,5,5
6,3,3,6,3,4,3,2,10,6
3,4,4,4,4,4,4,6,3,10
2,3,1,4,2,4,0,7,4,5
3,6,1,6,1,4,1,3,6,1
3,4,2,8,2,4,3,4,8,6
13,14,9,15,10,7,7,14,24,25
5,7,6,8,5,8,4,7,17,10
3,5,1,1,4,3,1,3,5,11
1,4,1,1,3,1,3,6,2,5
6,6,5,6,3,8,1,4,15,5
1,3,1,1,3,1,1,5,1,5
4,6,5,5,3,5,5,3,7,9
3,4,4,4,1,2,0,4,4,6
3,4,0,2,2,4,1,1,5,3
0,5,1,0,2,0,2,3,3,6
3,10,2,4,6,4,2,5,5,6
2,5,3,2,2,4,0,3,5,3
4,8,4,11,10,4,8,13,11,17
7,6,6,6,2,4,2,3,10,6
4,5,3,5,2,3,3,6,7,7
7,6,4,5,5,5,2,7,10,9
0,6,1,1,2,5,0,2,4,2
7,16,6,14,13,17,11,12,28,33
4,3,3,5,0,1,0,2,7,2
3,2,0,3,1,1,2,2,3,5
5,1,4,4,2,4,1,3,8,5
2,8,2,6,5,6,4,10,12,12
1,1,1,1,3,0,1,3,3,3
1,3,4,4,4,4,4,5,4,11
3,5,1,3,5,2,1,9,3,10
8,8,7,8,5,10,4,9,16,16
4,6,3,7,7,7,4,9,12,17
1,5,1,2,5,4,1,2,5,10
4,7,2,6,7,3,4,7,9,13
5,2,3,6,3,6,3,3,9,9
4,2,5,6,2,5,3,4,9,6
6,14,6,8,8,7,8,11,14,15
0,3,1,1,2,2,0,2,1,4
0,8,0,3,9,7,1,7,7,12
3,3,1,2,3,3,3,3,5,3
3,5,0,5,3,2,2,5,10,8
8,13,8,13,9,20,10,15,34,28
7,5,3,13,6,6,6,10,13,15
14,10,9,13,6,12,10,11,23,14
0,3,1,0,1,1,0,1,2,1
1,10,0,1,4,5,0,5,5,7
2,5,1,4,4,4,3,3,6,7
2,4,3,2,3,3,2,5,5,5
2,6,0,2,6,3,1,4,4,6
1,1,0,2,3,3,1,0,2,4
8,17,7,16,15,14,12,11,21,30
3,7,4,7,4,5,3,3,11,9
4,3,3,5,4,3,4,3,8,9
1,2,1,2,0,3,1,2,3,6
2,5,2,5,1,3,2,1,7,6
5,7,3,9,5,3,3,3,8,10
7,5,4,7,1,2,1,2,9,1
1,7,0,1,6,4,2,5,5,11
1,4,1,4,4,7,2,5,10,4
1,5,2,3,2,2,1,2,5,8
1,4,0,2,4,3,1,5,5,7
4,5,2,6,3,5,2,1,6,6
2,8,1,5,5,6,4,5,9,10
3,8,5,6,5,6,5,6,12,15
2,3,2,2,2,4,2,2,6,4
2,2,2,6,1,6,2,4,12,4
1,4,1,4,5,5,4,4,8,12
3,5,3,5,2,3,2,5,9,8
3,7,5,10,7,10,7,6,18,15
7,8,7,10,6,7,2,8,13,11
3,5,3,7,3,5,3,4,8,6
0,5,0,0,2,3,2,3,4,5
0,4,0,0,1,1,1,1,1,3
3,2,2,4,1,2,1,3,6,2
4,5,3,7,3,4,2,8,9,9
3,6,3,4,3,4,3,5,6,11
1,4,2,3,6,7,3,8,7,10
3,4,1,3,1,1,2,2,5,3
2,2,0,3,1,4,5,1,8,5
0,3,1,1,2,2,3,2,3,4
1,4,1,4,3,4,1,4,4,5
6,7,2,5,6,7,2,5,9,11
5,9,3,5,7,4,7,5,9,12
5,7,2,7,6,9,6,12,14,11
0,5,1,5,2,3,0,7,8,7
0,1,1,2,1,2,0,1,4,2
4,5,2,7,2,3,2,9,8,10
1,2,0,2,0,2,4,1,4,1
6,17,5,8,10,9,9,9,17,26
4,10,4,7,8,8,4,8,10,12
2,3,2,4,6,6,3,8,8,8
0,1,0,0,1,2,0,1,2,1
1,4,2,1,1,4,1,4,6,4
0,3,1,0,2,1,3,2,2,3
0,5,1,4,5,2,3,5,6,6
1,2,2,2,1,4,1,2,5,1
6,10,1,4,6,3,4,10,8,10
7,8,3,8,3,6,6,4,13,12
1,1,3,3,1,2,1,1,5,2
2,3,2,2,2,4,0,3,7,3
2,4,3,3,2,2,3,3,6,6
2,2,2,3,1,3,2,4,6,5
4,8,4,7,8,7,5,10,11,13
1,2,2,4,0,3,1,3,6,4
1,10,1,1,6,0,1,6,5,10
1,7,1,4,6,5,1,3,6,6
12,15,10,24,14,20,9,26,29,43
3,7,2,4,5,6,3,3,8,8
2,3,2,2,1,6,0,4,9,7
1,4,1,3,4,2,2,4,4,4
2,3,2,4,2,3,0,4,7,3
7,8,9,5,6,5,5,7,18,13
1,2,0,3,2,3,1,5,8,6
1,1,0,0,0,0,0,1,1,3
1,3,1,5,4,5,1,3,7,6
1,1,0,2,1,3,0,2,6,1
2,7,2,3,4,3,4,5,3,7
3,9,2,4,7,4,7,4,6,8
3,7,3,4,5,6,5,7,5,10
7,6,2,9,6,8,1,5,13,12
1,2,1,3,1,3,0,2,4,3
1,1,1,2,1,3,1,1,5,2
2,4,1,2,2,2,3,1,6,7
1,4,0,1,3,1,1,0,2,5
2,6,1,2,3,3,1,5,3,7
0,4,0,2,3,0,2,3,2,3
4,5,4,5,2,4,4,4,8,5
18,28,11,27,18,19,11,32,37,52
4,6,4,4,5,6,4,5,14,6
0,4,0,4,1,4,1,3,5,6
2,1,1,2,1,4,2,4,5,3
2,5,0,2,2,3,0,4,7,5
1,1,2,2,0,4,1,1,7,3
0,3,1,4,0,0,0,1,3,1
3,3,3,4,3,3,1,3,8,5
4,4,1,4,4,1,1,1,5,4
2,10,5,4,8,3,3,8,7,10
2,3,2,6,2,3,2,3,6,6
3,6,2,5,2,3,3,4,6,5
2,8,3,4,5,4,1,8,5,8
2,4,1,2,3,2,3,1,3,3
1,4,1,2,1,2,1,3,2,4
3,4,3,5,2,4,3,2,7,4
1,6,1,7,2,3,4,6,4,8
0,2,1,0,1,0,1,0,1,1
7,12,4,10,10,5,8,11,13,23
2,3,3,4,2,4,2,4,7,6
1,5,1,4,3,5,0,1,5,7
1,1,1,3,2,3,1,2,5,2
14,17,8,20,9,14,10,9,29,16
2,8,0,3,1,3,0,2,6,2
1,4,2,1,0,2,2,2,2,2
2,8,3,7,1,7,4,4,8,6
4,7,2,5,5,4,4,6,7,8
1,11,2,7,6,4,6,11,13,20
1,3,1,1,1,2,1,6,4,6
4,5,3,7,5,9,1,8,13,9
0,3,0,3,2,1,0,3,2,6
0,2,0,0,0,1,0,1,0,3
4,2,2,7,0,4,2,0,8,3
1,0,0,0,1,2,0,2,3,6
3,3,4,4,3,3,3,4,6,7
6,4,3,5,2,7,1,3,9,5
9,18,4,14,16,10,9,24,20,36
0,5,0,4,3,1,1,5,1,6
3,3,4,3,2,4,1,3,8,7
6,1,5,6,1,5,3,5,9,8
1,4,1,2,1,1,0,2,3,3
0,3,1,0,1,0,1,1,2,1
1,6,1,2,2,3,2,4,3,5
4,4,3,4,7,7,3,8,10,12
3,3,1,2,1,3,2,4,6,8
6,10,4,7,7,10,7,8,18,18
0,5,1,2,5,4,3,6,5,11
0,3,0,3,2,4,1,4,8,5
2,5,2,3,1,3,0,4,7,4
2,5,3,3,4,3,2,4,6,5
15,19,5,21,16,23,10,26,35,40
0,4,0,0,1,0,0,1,1,5
7,5,6,5,3,5,3,4,14,8
1,0,0,2,0,3,1,2,3,4
4,7,3,4,6,4,4,6,5,13
8,26,8,17,18,13,17,26,28,47
5,4,2,6,3,11,4,7,15,16
5,3,4,3,2,3,2,5,9,5
2,11,2,4,7,4,4,8,3,13
1,8,0,5,8,3,8,10,6,20
2,8,1,3,3,2,4,6,4,7
5,11,9,14,10,12,9,9,21,28
5,2,4,4,2,5,1,3,12,5
1,2,1,1,2,2,1,2,2,4
4,4,2,4,2,5,1,3,9,3
2,9,1,6,4,9,2,8,9,9
5,14,4,7,10,7,8,12,14,19
0,3,2,0,2,1,2,7,6,5
1,2,2,2,0,3,0,0,6,2
1,3,0,3,3,4,2,2,4,7
3,7,2,3,4,3,3,5,5,6
2,6,2,2,3,2,2,3,5,8
3,4,3,5,2,4,3,4,7,6
3,4,2,3,3,5,2,3,6,9
2,1,1,5,0,5,2,0,6,0
5,6,6,8,7,8,3,8,14,13
7,12,6,11,8,7,3,14,12,22
2,7,2,3,3,2,4,4,11,3
1,4,0,0,1,1,2,4,1,3
3,5,3,4,4,4,2,4,7,5
5,4,6,7,2,8,2,5,10,9
0,1,0,0,0,1,1,0,1,0
3,3,1,6,0,6,1,0,7,2
4,11,7,10,6,10,5,9,13,15
1,5,0,3,2,5,3,3,9,5
2,4,4,4,4,4,2,7,5,11
3,4,0,2,3,5,2,5,8,4
2,6,1,3,2,4,1,5,6,8
1,2,0,2,0,1,1,0,2,1
3,4,1,6,4,5,4,6,10,8
1,6,1,1,7,3,3,7,2,10
4,5,5,6,4,4,2,3,8,5
1,3,1,3,4,2,3,5,6,6
7,10,6,8,6,9,4,11,17,15
1,8,1,3,3,2,5,6,9,11
3,11,5,9,6,8,7,8,15,16
4,4,1,5,5,2,3,5,7,8
1,3,1,2,3,2,2,4,3,4
3,1,3,4,2,4,1,3,7,4
7,6,2,8,3,8,6,5,10,8
0,3,0,0,1,1,0,0,1,3
1,2,1,2,1,2,2,2,3,1
1,2,0,2,1,0,1,3,2,1
7,6,7,8,2,10,8,6,11,7
0,3,1,1,2,2,1,4,5,3
3,1,3,3,1,3,1,2,6,1
3,2,4,2,5,6,3,5,7,8
0,0,0,2,1,2,1,1,5,7
4,6,1,7,6,6,4,7,10,11
0,8,0,4,6,5,1,12,6,17
3,6,1,3,3,3,3,7,5,9
8,10,6,10,6,8,6,6,15,9
1,1,0,1,1,2,0,1,3,2
1,5,0,2,6,1,2,2,3,9
6,1,3,7,1,6,3,4,10,5
0,0,0,2,0,0,0,0,1,2
6,10,5,10,9,9,7,6,14,11
16,23,17,31,24,23,19,32,40,65
1,3,1,3,2,2,0,3,5,2
3,2,4,3,2,2,1,3,7,2
3,3,2,3,2,4,2,1,6,7
2,2,3,3,2,4,0,4,7,5
2,7,0,2,7,3,4,9,6,14
10,12,7,16,16,15,8,13,24,26
13,7,9,17,5,13,6,13,22,14
2,8,1,7,5,5,3,7,8,9
3,3,3,3,3,6,4,2,5,4
5,5,8,7,4,7,6,8,13,10
1,3,2,2,2,2,2,2,6,4
2,0,1,3,1,4,0,3,7,5
9,14,4,13,18,18,7,22,24,34
1,4,1,3,3,4,0,6,5,6
0,6,2,2,4,4,3,6,7,8
1,1,0,1,2,2,2,1,4,7
16,22,11,26,14,17,13,21,37,37
2,5,1,1,3,2,2,4,3,5
0,3,1,0,4,1,2,6,1,6
3,8,1,3,4,6,2,9,11,13
0,6,0,1,8,2,2,5,2,15
0,1,0,1,0,1,0,2,3,3
1,5,1,0,2,0,1,4,1,5
6,13,6,11,10,10,6,11,23,17
13,20,7,14,18,13,12,19,28,33
2,7,4,3,2,6,3,4,8,4
0,1,3,1,3,2,0,5,4,7
3,1,2,4,3,5,1,6,5,4
2,4,3,3,3,4,2,4,7,4
10,9,7,17,7,15,7,8,28,17
2,8,4,6,7,9,5,13,12,10
4,2,1,3,1,2,2,4,8,4
4,2,4,4,1,4,1,4,11,5
4,5,1,5,4,7,5,8,11,10
2,3,2,4,3,1,0,5,8,6
3,12,1,6,7,4,7,9,10,13
11,21,10,15,15,17,10,27,32,44
2,6,3,4,3,4,2,7,7,8
6,7,4,7,6,4,2,6,8,14
6,7,3,8,4,5,1,6,13,18
2,5,2,2,2,4,2,6,6,5
1,3,1,4,3,1,1,3,4,4
11,9,12,17,7,14,6,7,31,15
1,3,3,3,2,4,1,3,5,3
4,8,5,7,6,5,6,9,9,10
8,6,9,6,9,8,5,8,19,18
4,4,3,6,1,4,1,1,7,6
4,4,1,2,5,1,3,4,3,9
4,3,1,6,1,4,0,9,8,11
3,4,3,4,1,5,1,2,6,4
1,4,2,1,2,2,3,2,6,2
0,2,0,0,2,1,0,2,2,2
10,8,9,13,3,11,1,7,20,10
5,4,2,5,2,6,6,5,9,6
0,2,1,1,3,3,1,2,4,3
3,5,2,5,4,3,1,3,9,6
5,2,3,5,6,4,1,2,7,12
5,8,5,5,9,7,4,10,10,13
2,5,2,4,7,4,6,3,7,11
8,12,6,15,9,11,8,18,19,26
4,6,2,1,3,2,1,4,10,6
1,2,1,2,2,3,1,4,5,4
1,2,1,2,1,4,0,2,7,5
0,3,1,0,2,2,3,3,2,5
1,6,1,5,3,2,4,3,6,9
1,4,2,2,0,2,1,3,2,5
3,2,1,4,2,4,6,1,7,2
2,7,3,6,6,4,3,7,6,12
0,3,1,2,4,1,3,5,3,7
6,4,5,13,4,16,7,3,19,8
5,4,3,5,0,4,0,2,6,0
2,3,1,5,4,2,2,4,9,5
1,1,1,0,1,0,0,2,4,4
2,2,2,2,3,1,1,2,5,3
1,1,1,2,1,3,0,1,4,6
3,4,1,2,2,5,4,4,6,2
6,7,2,7,5,5,4,4,9,7
1,6,1,7,4,6,2,9,5,11
1,6,1,4,4,3,3,5,5,8
11,8,7,10,5,7,6,5,16,13
1,5,1,3,4,4,6,5,7,7
3,2,3,5,1,2,2,1,5,2
2,4,1,3,5,2,3,6,3,9
5,6,5,5,5,4,5,5,8,8
5,9,7,10,6,8,4,9,12,10
1,1,0,1,0,1,1,1,5,2
8,8,6,9,6,7,6,6,11,12
2,3,3,2,2,4,1,3,5,5
0,2,0,3,0,2,0,2,2,3
3,3,3,9,4,9,3,3,13,6
1,6,1,2,5,2,2,3,6,5
2,4,1,2,3,4,3,5,6,4
4,12,5,5,8,7,8,10,16,14
2,5,3,5,6,6,2,6,5,12
2,4,1,3,1,8,3,5,10,6
0,4,0,0,2,2,0,4,3,5
15,13,12,18,6,14,7,10,39,17
1,4,4,5,2,3,2,2,10,7
0,3,2,0,3,1,2,3,3,4
4,5,3,5,5,3,4,6,8,13
4,13,4,10,12,8,8,15,15,22
4,0,4,7,0,4,1,3,6,1
1,6,1,1,6,2,2,5,2,15
3,9,2,6,7,5,4,5,14,15
0,2,0,4,2,4,2,2,4,5
2,10,2,6,2,5,2,13,12,16
4,6,4,4,4,4,2,10,8,7
0,3,1,3,3,4,0,5,5,4
21,22,15,27,18,20,9,29,36,40
3,4,2,2,4,4,4,4,3,4
2,4,2,2,6,1,2,4,4,10
4,10,3,6,9,4,7,5,9,15
20,10,14,22,11,16,10,13,32,17
1,3,2,1,2,2,2,2,6,5
3,5,3,4,4,5,6,6,11,6
5,5,0,5,3,5,2,4,11,9
3,1,2,5,2,6,1,7,10,5
3,3,1,3,2,2,1,4,5,4
3,9,7,7,7,3,2,10,11,11
0,5,1,1,3,1,1,6,4,8
2,5,1,6,2,1,2,2,5,3
6,9,3,9,10,5,3,10,13,14
4,5,1,4,4,3,2,3,7,9
12,8,11,14,6,15,7,16,23,25
1,0,1,2,0,3,1,2,7,4
0,0,0,3,0,2,2,3,4,3
0,6,0,3,4,1,2,4,2,7
1,4,1,1,2,2,0,3,5,6
4,4,4,5,3,8,2,3,7,8
3,3,3,5,0,5,0,0,6,2
0,4,1,0,2,1,0,6,3,6
9,18,7,23,15,17,16,26,29,37
1,5,3,1,2,3,2,3,5,5
2,3,1,3,3,2,4,3,7,5
2,7,1,3,7,2,4,8,6,13
3,7,3,3,4,3,3,4,7,7
2,4,2,3,1,2,1,4,5,6
7,6,7,11,5,8,6,9,19,20
0,5,0,1,4,5,3,3,6,10
2,3,0,4,1,5,0,2,9,6
1,3,1,2,3,5,2,4,5,5
4,5,5,7,3,4,5,5,8,6
4,1,3,0,1,6,0,2,8,3
1,3,1,5,1,6,2,4,6,4
2,4,1,4,3,3,1,1,5,6
16,18,17,21,14,11,9,22,42,35
1,2,0,1,0,2,0,0,2,1
5,7,3,6,7,4,3,8,12,10
3,7,4,3,2,2,2,3,6,7
3,3,2,3,3,3,3,7,5,7
2,9,0,7,6,6,3,9,14,15
3,4,3,4,3,5,4,6,5,6
8,8,4,12,4,17,6,13,19,18
3,5,3,2,5,3,6,4,7,9
3,6,4,4,6,2,5,5,4,8
0,5,1,1,2,0,2,2,2,3
2,7,1,10,4,8,6,8,13,10
0,6,2,2,6,5,2,9,4,12
4,4,2,5,2,4,3,3,8,9
2,8,2,4,4,4,5,4,6,4
2,11,1,5,8,4,6,12,8,22
2,3,1,5,5,4,3,5,6,6
5,4,4,11,2,4,2,9,13,9
4,5,3,4,2,11,3,4,12,5
1,4,1,1,4,1,1,8,4,7
9,8,6,6,10,10,8,15,16,17
1,3,2,4,3,1,1,5,3,4
6,9,8,11,7,11,5,8,13,13
1,2,2,2,2,3,0,2,4,6
2,5,2,6,3,4,2,4,7,6
2,2,3,4,2,3,1,3,5,3
3,2,2,6,0,3,3,1,7,4
1,3,1,3,1,4,1,3,4,4
1,1,2,2,1,3,1,3,4,4
1,3,1,1,1,1,2,2,5,2
2,3,1,4,2,1,1,2,5,5
8,9,3,8,8,8,4,9,14,15
4,3,1,5,2,3,1,3,5,4
6,10,5,10,8,10,10,4,17,13
2,6,1,4,4,4,2,3,5,6
0,3,0,0,4,2,1,3,0,6
3,7,2,5,5,2,3,3,6,4
1,4,1,2,1,1,2,2,3,3
4,6,3,7,6,7,1,7,10,9
2,2,3,3,1,3,1,1,5,2
1,3,1,2,3,5,3,7,3,7
5,7,6,11,4,5,6,7,19,12
2,0,0,4,1,1,0,2,4,6
6,10,6,7,7,4,8,11,16,17
5,9,5,7,6,7,4,8,11,11
1,7,0,2,7,4,1,5,4,12
0,5,2,2,2,1,0,4,5,4
0,2,0,1,0,1,0,3,4,3
1,3,1,0,1,1,1,4,4,6
0,3,0,1,2,2,1,4,4,5
1,4,1,3,3,2,4,4,5,9
4,4,5,4,5,5,2,6,8,7
8,13,6,8,7,9,8,5,15,14
4,8,3,6,6,7,6,6,13,11
4,6,4,5,6,6,5,6,11,9
6,10,6,13,6,13,5,14,24,13
2,6,3,5,4,6,2,5,11,7
4,6,4,5,9,7,5,8,10,10
6,12,3,9,9,7,4,10,11,14
15,12,13,17,12,18,6,16,25,20
0,7,1,7,4,5,6,4,7,14
0,3,0,0,1,1,1,1,3,1
5,9,2,6,8,7,5,12,11,18
0,0,0,0,0,1,0,1,2,3
1,4,2,1,3,3,6,3,5,7
7,13,7,16,14,12,10,15,21,27
1,4,0,2,1,2,3,5,3,6
6,6,3,6,6,3,5,6,11,8
1,4,1,2,6,5,2,3,3,8
4,8,2,7,3,5,3,5,12,9
6,19,2,13,20,8,9,20,17,41
10,11,11,17,9,14,5,14,24,30
4,10,2,7,4,6,6,7,9,18
0,3,0,2,4,2,0,8,1,12
3,6,1,4,4,1,3,4,6,8
3,2,1,4,6,6,0,7,9,9
12,18,8,19,20,12,10,23,26,36
1,2,2,1,1,3,3,2,4,2
5,2,4,3,2,1,3,4,7,3
6,8,6,13,4,11,6,6,15,10
2,7,2,4,6,2,4,8,5,16
6,8,5,10,7,9,6,12,17,22
3,2,5,7,4,4,3,10,12,15
4,12,6,9,12,9,6,13,11,22
0,2,0,1,3,1,0,4,5,5
2,8,3,3,5,4,5,5,9,9
2,3,3,3,2,3,1,3,5,6
11,9,7,15,2,12,8,11,18,15
2,15,2,6,15,5,4,14,9,21
3,3,2,3,1,2,0,5,3,7
6,22,10,14,11,17,10,14,24,32
1,9,0,2,9,5,5,6,3,10
5,17,8,8,11,9,11,13,20,19
21,16,11,27,15,20,10,28,44,53
2,2,0,6,1,4,2,1,6,2
1,4,1,3,1,6,1,6,9,6
13,5,7,11,3,10,3,4,22,8
2,3,1,1,2,2,3,2,4,3
4,8,4,6,5,4,1,7,8,9
3,7,2,4,5,2,4,4,6,9
3,11,3,5,6,3,3,8,10,14
5,9,3,11,4,9,1,10,9,10
2,14,5,10,11,9,5,13,14,22
2,3,2,3,1,3,2,2,7,4
2,7,3,3,5,4,3,7,9,16
8,8,3,12,5,11,3,5,15,7
4,4,2,7,2,8,1,3,14,6
1,3,2,2,2,2,2,4,4,3
0,2,0,1,4,0,0,6,0,5
4,7,2,8,4,7,2,7,10,9
1,2,1,3,1,5,0,2,8,2
4,5,1,5,3,4,4,3,12,8
4,5,4,5,3,5,4,3,12,5
4,6,4,9,7,10,7,8,16,12
2,8,1,5,5,5,4,5,10,10
1,8,1,1,3,2,4,4,4,11
1,3,1,2,2,2,2,5,2,8
4,5,5,5,3,9,1,4,10,8
2,6,1,2,3,1,2,4,5,4
1,4,0,3,1,4,1,1,3,3
3,7,1,4,6,3,5,4,4,9
5,6,3,6,3,3,6,2,15,10
4,10,2,8,9,7,7,9,14,16
1,7,1,2,4,2,2,8,4,10
12,15,9,14,14,12,10,22,21,28
3,7,2,6,1,4,4,3,10,3
4,11,4,7,6,8,9,10,17,16
2,2,1,2,2,4,0,3,5,5
16,13,8,20,10,27,8,12,37,21
51,29,34,52,37,41,28,55,81,86
7,7,9,8,7,11,4,12,17,13
12,9,11,19,2,9,7,7,28,13
2,5,1,3,1,5,3,4,7,7
4,3,1,7,4,9,4,7,7,9
6,14,6,11,12,10,12,18,16,29
2,3,3,2,2,4,2,3,3,6
14,13,8,21,8,12,7,14,30,29
6,12,5,9,9,15,7,9,18,15
2,4,2,5,2,5,1,2,6,3
6,8,6,6,6,11,5,10,21,18
3,6,2,7,3,5,4,5,11,13
2,4,0,5,2,3,2,2,6,5
1,2,0,2,0,3,1,0,5,4
7,3,6,8,3,10,2,5,9,7
8,9,5,7,8,8,7,8,12,18
1,2,1,1,3,3,2,4,1,7
8,10,6,12,10,12,5,10,18,20
7,10,6,10,5,10,7,9,16,12
3,7,3,3,9,5,5,5,7,19
1,2,1,2,1,4,0,3,6,2
5,11,3,6,7,3,4,13,8,23
2,7,0,3,3,5,2,4,7,8
1,5,2,3,2,2,1,2,3,3
2,3,1,2,1,4,1,3,4,4
14,13,11,16,10,17,8,20,31,32
1,5,2,1,2,0,1,5,1,3
5,10,4,6,12,6,6,12,6,14
6,7,2,3,2,5,2,6,13,13
14,8,9,17,5,13,6,7,28,15
22,34,15,21,35,25,20,38,50,60
9,8,7,10,6,13,5,9,19,9
4,7,2,5,3,4,1,5,7,6
1,6,2,2,7,1,4,5,4,11
4,5,4,7,3,10,1,5,11,3
3,8,2,7,10,4,3,11,8,14
2,4,0,4,4,2,0,2,7,10
4,5,7,8,3,11,1,4,14,7
5,7,6,7,7,7,5,10,11,18
4,9,3,3,8,2,8,10,6,18
1,1,0,1,0,2,0,2,4,6
5,7,6,11,8,7,2,17,15,25
2,2,2,4,0,4,1,3,8,6
4,8,4,4,7,6,4,4,11,11
5,7,2,10,7,9,4,6,16,13
2,2,2,2,3,2,2,3,3,6
9,5,3,9,3,11,3,6,14,9
3,8,2,5,5,8,3,5,10,10
11,37,9,22,42,21,28,50,34,87
6,7,5,7,6,11,4,7,13,11
2,2,1,2,3,2,2,1,2,3
1,7,2,0,4,4,3,4,4,11
1,7,1,3,3,4,2,4,6,12
4,7,2,4,4,6,3,8,9,10
3,7,4,6,4,7,4,9,10,12
1,7,1,2,4,2,3,3,3,14
5,6,4,9,5,7,2,7,12,13
3,7,3,5,4,4,3,2,7,8
1,4,1,2,1,4,3,3,5,2
10,21,6,9,15,10,8,14,19,32
5,3,2,7,2,5,3,2,10,4
5,7,5,7,4,5,2,4,8,6
0,3,1,7,3,5,2,5,7,9
5,9,5,11,10,9,8,13,14,16
1,3,1,2,1,4,2,1,4,3
3,6,6,8,4,9,5,3,11,10
6,9,1,7,13,10,4,14,10,25
10,7,2,8,5,6,4,7,13,11
6,17,5,11,13,6,10,17,16,29
2,5,2,2,4,0,1,8,2,11
5,7,3,8,2,5,3,5,13,6
2,8,5,6,10,6,3,11,8,15
2,10,1,6,8,5,6,9,9,16
2,7,1,1,6,5,4,8,6,10
1,2,1,2,4,2,2,7,5,6
3,5,0,3,3,3,2,5,5,7
4,4,3,4,2,4,1,5,6,4
4,3,4,7,3,6,2,5,10,10
2,2,3,2,2,2,0,4,3,5
9,9,6,13,4,7,5,8,17,12
2,3,2,2,3,4,1,5,3,8
1,4,2,3,6,1,2,7,8,16
2,7,1,4,6,3,3,6,6,11
6,15,7,8,14,8,13,15,21,30
2,2,2,3,3,7,1,1,7,5
1,2,1,1,6,3,1,7,2,8
8,13,10,11,12,10,6,9,24,24
5,7,3,6,5,6,2,8,9,9
2,7,1,8,7,3,7,8,10,16
4,4,2,3,3,5,2,3,4,6
2,3,3,5,2,8,3,3,9,5
3,4,4,3,4,7,3,5,10,6
2,4,0,3,3,5,3,3,6,5
2,4,3,1,1,2,1,3,3,5
1,8,4,4,4,2,3,5,9,7
2,7,3,3,6,6,7,7,8,9
11,9,9,10,6,12,8,12,20,12
5,23,4,9,15,11,9,24,16,40
0,7,0,2,4,0,2,3,5,9
0,3,0,0,3,3,1,3,4,5
9,10,4,8,6,9,5,13,14,21
1,5,2,3,2,2,0,4,3,5
8,5,4,10,3,10,4,7,14,10
1,10,1,4,8,5,5,9,3,14
11,18,3,15,10,13,6,11,22,16
6,12,5,8,5,4,3,8,12,7
3,6,2,3,3,2,5,5,6,8
5,12,8,7,9,6,3,10,12,17
4,6,3,6,3,2,3,3,7,8
2,2,4,2,2,4,1,3,10,5
1,5,3,7,2,6,4,3,9,7
1,4,0,2,1,3,2,3,4,4
3,6,2,8,2,9,3,3,13,5
2,3,1,2,0,1,0,3,2,3
7,11,6,11,4,9,5,6,19,12
4,3,5,5,4,7,1,3,7,9
4,3,5,6,3,5,4,7,10,12
3,7,4,7,3,5,2,5,8,9
4,11,5,4,6,10,4,8,11,17
6,7,3,9,3,6,5,9,19,16
6,13,5,12,10,11,9,13,20,24
7,11,5,10,14,11,10,16,14,31
1,3,2,3,0,4,3,9,5,4
0,3,0,3,1,1,0,2,5,1
0,2,1,1,1,1,2,1,1,4
2,7,4,3,5,3,3,9,3,9
0,6,0,2,3,2,4,5,6,6
9,10,3,9,7,7,5,2,14,11
1,2,0,4,2,4,2,4,6,7
1,6,3,2,6,2,4,4,5,8
3,4,3,3,3,6,4,4,6,9
3,8,2,2,6,4,3,11,5,15
1,3,2,3,3,7,3,2,10,7
1,4,1,2,3,4,4,6,6,13
5,8,5,7,6,7,3,10,13,11
14,19,16,23,12,19,12,22,41,41
5,8,3,8,9,6,6,12,12,23
3,8,3,6,4,5,5,10,13,11
7,6,4,7,5,6,4,8,10,9
6,7,4,6,5,7,6,6,13,9
4,4,5,5,3,6,3,4,8,7
1,3,1,2,3,5,1,3,5,5
2,3,1,5,3,1,2,4,4,6
20,11,6,10,9,10,10,10,26,18
5,7,6,7,3,4,4,4,8,4
6,5,6,8,3,7,4,6,17,8
5,8,3,6,10,6,6,7,16,13
1,5,4,1,3,1,0,6,8,9
7,7,4,9,7,6,4,6,11,13
2,4,2,4,1,3,2,8,5,5
4,4,1,4,1,3,4,1,10,4
2,5,0,7,2,5,2,7,9,8
2,9,6,4,7,6,3,10,15,13
7,3,5,9,1,7,2,3,12,4
0,1,0,2,1,0,2,2,1,5
1,3,1,4,4,2,3,3,3,6
5,8,5,8,6,9,6,5,13,14
7,14,6,10,8,12,12,14,25,25
3,5,4,4,5,9,5,6,12,10
2,5,4,3,5,6,2,5,6,8
0,2,1,0,2,1,1,2,5,4
2,4,1,4,3,6,6,2,9,5
7,3,4,11,2,8,4,7,14,9
13,11,7,10,12,12,8,15,21,22
5,10,3,9,5,5,8,7,12,10
2,7,4,3,4,5,0,8,6,10
1,6,1,2,5,5,2,5,2,6
3,3,3,5,5,3,3,2,6,8
4,6,3,6,5,5,4,9,12,12
7,8,8,7,7,5,6,8,10,12
3,5,1,4,2,5,3,6,8,9
6,1,2,7,1,6,3,3,12,2
1,6,0,2,3,0,1,1,3,6
3,5,3,6,5,5,2,8,6,9
4,4,2,4,2,6,3,4,7,6
3,3,4,8,7,8,5,10,13,17
0,4,0,1,3,1,2,5,1,7
3,3,3,8,2,6,2,7,7,6
1,6,0,1,2,3,0,2,6,2
4,5,4,11,2,8,7,4,12,4
2,6,4,8,2,8,2,8,16,8
1,5,4,2,2,1,3,3,5,6
3,5,4,4,4,4,7,5,11,8
4,13,4,9,13,5,6,12,7,15
1,3,2,1,3,3,1,4,3,4
6,4,0,8,2,3,5,8,9,11
8,16,7,11,12,9,9,10,21,24
1,6,0,3,2,6,2,4,5,3
2,7,3,8,5,5,6,4,11,6
1,1,1,2,0,1,1,1,6,2
2,4,4,4,4,3,2,5,10,9
2,5,3,4,4,4,3,8,4,9
1,4,2,0,1,0,1,2,1,4
1,3,0,3,6,2,4,4,4,11
3,3,0,5,5,2,4,6,7,10
5,3,4,4,2,5,2,8,8,8
2,10,3,6,6,3,2,8,8,9
5,11,1,7,8,5,6,8,13,19
7,7,2,9,3,3,3,5,10,9
22,25,21,31,21,28,16,38,48,60
0,4,0,0,1,1,1,2,0,4
4,6,3,6,2,8,6,3,13,10
4,5,3,4,6,5,2,5,9,9
10,9,6,12,3,8,3,3,16,6
0,6,1,3,3,4,2,2,6,6
12,10,7,17,8,17,5,16,31,22
0,3,2,3,1,1,1,2,6,3
3,3,4,6,4,3,1,5,5,7
0,10,3,2,9,3,6,9,9,13
0,2,1,1,1,2,1,4,3,6
15,14,13,14,10,19,10,17,31,28
4,7,3,6,4,7,4,8,9,12
0,5,1,1,6,1,2,3,3,7
6,13,3,8,10,10,10,18,13,26
4,1,3,6,1,3,1,2,10,3
3,3,1,4,2,4,1,0,7,6
3,5,1,6,5,4,4,7,6,8
2,2,1,4,2,5,1,6,6,6
6,3,7,8,0,7,2,1,12,4
0,1,0,2,0,2,1,0,2,2
5,8,4,5,3,6,5,3,9,4
4,4,4,3,3,6,4,5,9,7
2,10,4,5,5,3,5,13,9,19
4,4,3,4,1,4,2,5,8,6
1,4,1,1,2,4,4,1,4,6
0,2,0,2,1,7,1,2,10,4
2,1,2,2,0,3,0,2,3,4
1,6,0,4,4,3,3,5,12,9
0,3,1,0,2,2,0,2,4,3
0,2,0,2,2,1,1,5,3,7
4,4,3,4,4,4,4,2,5,6
3,11,4,4,14,5,7,14,9,22
0,2,0,0,2,2,1,1,2,4
2,3,2,4,1,4,1,6,6,5
6,4,6,7,2,7,7,4,12,6
1,3,0,2,2,4,2,6,4,7
2,4,0,0,1,1,0,3,5,6
6,15,4,10,10,16,9,15,17,19
2,5,1,2,2,7,1,12,9,11
2,5,1,4,4,6,2,5,6,6
0,5,1,3,8,1,3,6,2,11
7,6,2,6,3,8,4,4,13,7
2,6,4,5,5,4,5,6,6,8
11,15,4,11,10,8,9,10,23,31
3,10,2,2,7,5,4,8,6,14
3,10,5,9,9,5,4,10,10,14
3,8,2,7,6,6,5,8,13,8
3,6,4,3,5,3,6,4,6,11
8,11,6,11,10,8,10,13,13,26
2,5,1,4,1,3,4,2,7,4
3,6,3,5,0,3,2,7,6,8
4,7,2,8,3,4,4,2,12,5
11,15,7,20,7,20,9,14,31,23
3,2,2,5,3,3,1,5,5,7
0,4,0,1,4,4,3,4,1,7
2,6,1,4,3,7,4,5,11,7
3,6,1,4,3,3,3,4,6,4
6,7,4,5,7,7,5,13,15,16
3,2,0,1,0,3,2,4,6,4
5,8,7,8,10,9,6,13,15,16
2,2,2,5,0,3,1,1,7,6
0,2,0,2,2,2,1,2,7,3
0,2,0,2,0,1,1,2,2,1
1,5,1,5,5,6,2,8,7,9
0,4,0,1,1,1,1,2,1,2
5,1,3,4,1,3,0,1,6,2
8,10,3,9,5,4,2,7,12,11
3,9,3,12,6,10,6,10,14,20
2,4,2,3,5,5,4,5,7,7
6,4,5,6,3,4,3,2,8,6
8,8,4,9,5,6,5,6,13,9
3,0,2,4,2,4,1,2,5,5
6,14,5,13,10,8,6,16,15,19
6,19,3,9,14,13,10,17,22,24
1,7,4,4,4,5,4,4,11,7
7,15,5,11,10,9,7,15,24,26
2,3,2,7,0,1,2,1,8,6
6,5,5,6,3,2,5,3,9,7
3,8,2,4,6,5,1,7,4,9
3,8,3,9,3,5,3,5,9,6
1,3,1,1,2,1,3,4,3,9
2,3,1,2,1,3,2,4,8,5
7,7,6,8,6,8,4,7,11,14
2,3,3,4,4,2,1,5,5,5
2,3,2,3,1,2,2,4,4,6
8,8,6,9,9,12,7,11,20,19
1,4,1,1,4,3,3,6,5,5
2,8,1,3,6,2,5,7,5,8
0,4,0,0,4,1,1,3,6,6
4,11,5,8,10,6,8,14,10,23
8,12,4,6,9,8,9,5,12,14
2,7,1,7,6,4,2,6,6,19
2,1,1,3,1,1,0,3,6,3
1,4,0,2,2,3,0,2,3,4
5,5,6,4,2,7,6,2,13,8
8,9,7,7,7,8,8,14,16,18
5,5,7,6,5,5,2,5,9,8
3,3,2,3,6,1,3,5,5,7
9,6,5,10,3,5,4,7,13,13
0,2,0,0,4,1,2,5,2,9
5,9,2,6,8,7,6,6,17,13
3,5,4,4,3,6,2,5,7,9
3,6,2,4,4,6,2,7,11,13
15,17,8,11,13,11,10,12,25,29
1,3,3,2,3,4,2,4,8,7
2,5,4,7,5,4,4,6,7,6
10,14,4,14,6,10,6,12,23,23
3,6,1,1,3,2,3,4,9,4
1,4,1,4,3,3,0,2,6,4
2,4,1,4,1,4,1,5,5,9
3,7,2,2,3,6,3,5,7,8
0,4,0,1,6,2,0,10,2,11
17,21,10,22,16,28,13,27,48,47
4,7,3,3,4,8,3,4,9,10
0,2,0,2,4,3,1,2,6,4
5,10,5,9,5,8,3,9,15,13
3,4,1,6,3,4,4,4,7,4
3,8,3,5,7,3,5,9,7,10
6,7,4,9,8,11,5,9,10,10
11,17,6,13,13,18,6,16,24,26
3,9,3,5,2,5,3,6,10,9
22,21,10,26,16,21,17,26,40,47
6,17,4,16,15,15,10,12,21,33
2,3,4,4,2,4,0,6,6,10
3,8,4,5,5,3,2,11,7,15
4,10,5,4,7,5,5,11,12,13
5,10,3,8,8,8,6,8,16,17
3,5,2,4,4,3,3,10,6,12
2,7,1,3,4,2,3,3,8,10
11,23,7,20,22,21,11,26,28,41
1,10,3,2,9,8,6,8,10,20
7,3,3,9,1,6,2,3,11,5
6,12,7,8,9,9,6,10,8,14
3,4,0,4,2,5,1,6,8,6
0,10,2,3,9,4,4,9,7,17
3,5,2,5,3,3,2,4,7,6
3,10,3,6,7,6,6,9,9,14
0,4,1,2,2,3,1,3,5,6
4,10,3,2,9,6,6,9,9,10
10,16,6,16,15,14,10,17,26,40
1,5,1,3,2,4,3,4,8,4
1,3,0,1,2,1,2,1,3,5
9,12,8,19,6,15,4,9,22,15
2,4,2,3,3,6,1,7,10,8
0,6,0,1,2,3,1,3,5,5
5,12,0,8,7,13,3,14,22,16
0,1,0,2,0,1,2,2,1,0
1,5,1,1,4,2,2,3,4,10
2,6,3,3,2,3,1,5,5,5
1,7,1,3,3,2,2,4,8,8
1,11,3,5,7,3,5,9,11,15
8,7,4,5,6,5,4,4,9,14
4,6,5,5,5,5,2,6,14,15
1,4,2,4,1,3,3,5,6,3
7,10,7,10,12,9,7,11,13,28
4,3,3,8,6,9,4,9,14,16
5,4,3,6,3,9,5,7,11,7
1,4,3,2,2,4,4,2,5,3
3,7,3,3,2,2,2,3,5,5
15,14,16,22,15,22,12,18,39,36
3,8,5,4,7,4,7,3,9,8
7,12,5,6,8,5,7,13,13,19
14,20,8,16,18,13,12,25,30,35
0,13,0,4,10,3,8,11,8,16
7,12,6,14,7,10,6,9,20,16
5,10,4,6,15,10,8,19,14,28
2,4,2,3,1,4,4,5,6,4
2,4,2,5,3,5,1,2,5,10
4,4,6,6,5,4,3,1,13,8
1,2,1,2,2,3,2,2,2,2
7,8,3,10,4,9,2,9,11,11
7,7,7,6,1,5,3,7,18,14
4,10,2,7,8,7,2,7,8,13
1,7,2,2,5,3,2,5,9,7
0,2,0,4,2,2,1,6,3,11
4,12,3,6,2,3,5,8,10,12
10,11,11,12,11,15,10,15,25,23
3,8,3,7,2,6,3,5,8,6
4,14,10,7,4,9,4,6,19,12
6,8,3,8,8,4,7,6,9,14
7,10,4,6,8,9,5,10,15,18
5,6,3,7,3,6,1,7,9,11
4,10,3,2,9,1,3,14,5,17
2,4,2,6,5,7,5,7,8,15
5,2,3,8,1,7,1,4,8,6
4,4,4,6,3,3,4,6,8,7
3,11,3,11,8,7,6,10,14,16
2,4,1,3,6,5,5,5,5,12
1,8,2,1,6,3,5,8,4,11
6,6,2,8,9,4,5,9,10,14
11,10,8,14,8,10,5,14,23,15
1,7,3,7,4,5,1,5,10,12
1,5,0,2,2,6,2,4,10,7
1,2,2,2,0,1,0,3,3,2
3,7,1,3,3,3,2,9,10,10
3,3,2,4,4,4,3,0,9,8
4,4,4,4,2,5,5,4,8,6
3,7,4,4,4,8,5,6,9,14
0,4,3,3,1,2,1,5,5,5
4,7,2,8,6,7,7,7,13,17
4,3,1,4,1,5,2,4,8,2
5,7,1,9,9,8,3,10,9,13
0,3,0,3,3,4,3,2,5,5
2,5,0,3,1,3,2,3,7,4
2,3,1,0,2,4,2,3,5,4
8,12,7,13,9,9,5,9,18,13
0,3,2,3,2,1,1,2,3,3
2,7,1,8,6,6,3,7,9,11
5,5,7,7,6,6,8,6,12,9
1,6,3,4,7,2,4,6,3,9
2,3,3,4,1,4,1,6,9,9
0,4,1,3,1,1,1,4,4,5
11,13,8,11,9,17,5,15,25,25
8,10,5,9,8,9,6,11,15,14
4,9,4,5,5,8,4,5,10,9
4,4,3,4,3,6,2,7,9,9
1,4,1,0,3,2,0,8,3,10
4,8,3,4,11,5,5,8,10,20
4,7,2,10,4,6,3,2,13,13
0,3,0,1,3,3,2,2,2,4
4,7,1,6,5,6,4,9,7,17
15,14,11,21,14,16,10,20,33,25
3,9,2,3,6,4,4,8,9,14
4,4,2,3,3,3,3,2,5,4
5,7,5,4,5,3,3,5,8,7
2,4,1,2,3,4,0,7,4,9
7,12,1,14,9,17,9,8,26,14
1,5,1,2,2,3,2,7,6,12
5,10,3,11,6,8,7,8,17,15
2,5,2,7,6,2,2,4,10,11
7,9,6,10,7,7,4,10,13,15
6,21,5,15,15,12,8,12,21,25
0,3,0,1,3,2,2,2,3,3
4,6,3,3,4,0,4,5,7,6
0,6,1,0,2,4,2,5,4,7
1,9,2,1,5,5,3,4,8,12
0,6,2,3,6,4,3,6,7,12
11,12,8,15,9,11,10,16,23,26
1,7,0,5,4,5,1,6,12,11
2,6,2,2,5,3,4,6,7,10
4,9,5,4,3,4,6,9,7,7
4,5,4,6,4,3,5,4,9,6
1,2,0,4,3,2,1,4,3,3
6,6,4,5,7,5,4,7,10,17
1,1,1,3,0,3,0,0,8,4
5,7,3,9,4,7,3,9,14,8
1,4,2,1,5,3,2,4,7,5
0,7,0,1,3,0,0,4,3,4
2,11,1,6,5,2,5,7,10,10
4,7,4,6,3,6,4,5,6,5
1,4,1,1,3,6,0,4,9,7
5,4,6,6,3,6,4,10,6,11
11,8,9,13,4,16,3,4,22,14
2,5,2,4,3,8,3,3,10,7
3,9,5,7,5,9,7,4,15,12
12,9,7,13,5,13,5,7,24,11
4,4,4,4,4,5,4,5,13,16
2,4,1,4,1,4,3,4,6,7
6,23,7,11,14,11,11,24,19,29
11,8,7,9,5,7,7,9,21,11
4,2,0,2,0,4,2,1,9,3
2,8,3,4,5,7,2,7,9,13
4,10,3,4,6,4,1,7,12,12
5,10,4,9,8,6,8,10,11,13
2,3,1,3,4,4,4,7,7,11
2,3,0,7,0,1,3,5,6,11
1,12,2,1,8,3,4,7,11,14
3,5,1,3,7,4,2,8,8,16
2,4,0,2,3,4,2,9,3,9
0,12,0,3,5,0,8,5,2,9
6,15,6,7,7,4,7,10,13,18
1,5,2,2,2,3,1,4,5,5
4,14,0,4,12,7,7,11,11,21
1,11,3,4,6,2,2,7,12,13
8,12,6,12,8,16,5,13,20,24
4,8,5,6,4,11,5,2,14,8
6,5,5,8,2,10,3,5,11,8
1,1,2,4,1,4,1,4,6,3
0,2,0,2,3,1,3,3,1,5
1,5,1,2,3,3,1,6,6,5
13,27,9,19,23,14,16,42,28,57
13,26,10,21,20,18,20,31,33,56
14,18,5,14,7,15,10,15,24,25
2,13,1,5,13,3,6,15,8,27
2,3,2,4,3,1,1,4,3,6
2,1,1,5,2,4,0,3,5,7
1,3,2,2,2,4,3,4,6,9
5,8,3,6,3,5,4,5,8,6
0,2,2,0,3,1,0,4,3,7
0,3,1,2,3,4,3,4,5,5
8,16,9,15,19,11,8,21,19,33
1,3,1,3,2,1,3,4,2,5
7,5,3,14,2,6,3,4,15,6
3,3,1,4,2,3,2,4,5,3
4,5,6,7,4,5,2,4,13,10
1,6,1,5,4,1,1,7,4,9
3,4,1,2,2,3,2,2,6,8
6,11,7,9,6,5,4,12,14,17
1,6,2,4,2,4,2,3,9,8
3,10,2,3,6,2,3,6,10,15
1,10,0,2,5,2,3,10,2,19
13,17,5,12,12,15,10,10,26,27
2,6,2,6,3,8,3,3,11,6
2,3,1,3,1,3,2,6,5,8
3,6,3,6,5,4,5,7,8,10
3,1,2,5,2,6,2,1,9,3
3,5,3,3,3,3,3,4,10,7
3,6,1,5,7,2,4,5,6,10
5,11,2,5,5,5,5,8,12,17
2,9,2,3,6,4,4,7,7,11
9,15,8,11,9,8,7,15,17,20
0,6,0,1,3,1,2,4,2,5
9,20,10,20,9,11,13,15,21,22
0,5,1,2,3,3,1,2,6,3
1,0,1,1,1,1,1,2,2,2
3,11,2,4,3,3,2,6,9,15
3,1,0,1,1,2,1,1,9,1
2,8,2,1,7,3,2,7,6,12
1,4,1,3,2,2,1,4,4,6
2,4,0,1,4,5,3,4,5,8
10,14,7,15,15,13,11,18,24,25
4,6,4,7,6,7,4,3,9,12
0,4,1,4,1,4,3,3,7,3
12,10,8,12,10,16,9,10,26,16
6,6,2,7,3,6,3,5,11,8
4,3,5,6,4,6,4,5,11,10
12,13,10,17,12,20,9,28,33,40
4,8,3,8,5,9,6,6,16,17
0,5,0,1,7,1,5,7,4,11
6,5,4,6,2,4,3,1,7,7
3,5,1,3,3,7,4,5,12,7
2,6,2,4,3,4,2,8,5,10
2,6,1,7,2,4,2,5,5,10
3,4,3,4,4,4,3,5,7,7
4,1,2,5,0,4,2,2,5,4
2,5,4,3,5,4,3,8,10,10
3,6,2,3,3,7,6,8,13,14
0,1,0,3,0,1,0,2,1,5
1,5,4,4,4,3,3,5,5,12
1,2,1,2,2,2,3,1,4,6
1,5,2,2,2,6,4,10,10,13
9,16,7,16,11,13,10,16,18,24
2,6,4,5,2,5,3,4,7,11
4,4,4,6,2,7,3,7,18,14
3,5,2,3,5,7,3,8,12,10
4,1,3,6,0,3,3,1,7,3
3,5,4,6,2,4,2,1,7,6
1,7,4,2,4,3,4,7,7,12
4,5,3,5,6,3,4,8,6,11
4,4,3,5,2,2,4,3,9,4
0,5,2,2,4,3,1,5,9,6
5,7,5,7,7,9,4,9,13,12
2,4,1,4,2,6,3,7,7,8
3,8,3,0,3,4,2,5,8,7
6,13,7,8,8,8,8,10,12,19
14,12,11,18,10,18,8,16,30,22
12,19,5,11,7,5,9,12,14,20
4,5,2,5,4,3,3,11,10,10
2,8,4,6,4,2,4,7,12,9
2,6,5,5,5,5,5,5,12,8
3,4,1,1,3,3,3,5,5,14
2,9,3,4,8,9,4,7,9,13
5,10,3,9,5,7,7,5,8,10
2,3,2,5,3,6,2,3,7,5
14,19,8,18,16,14,9,22,31,39
5,9,3,10,5,10,7,9,13,19
3,7,3,7,4,7,4,4,13,12
0,1,0,1,0,1,1,0,1,1
9,9,9,12,5,11,8,6,17,14
1,3,1,2,1,1,1,3,2,7
4,9,5,8,4,11,5,7,14,8
2,3,2,2,2,3,3,5,6,6
4,6,2,6,3,10,2,6,12,9
20,27,17,28,27,36,20,33,48,55
5,11,1,9,2,7,1,9,13,8
6,5,3,15,6,9,6,9,16,18
8,10,5,15,10,12,6,13,18,21
9,20,7,16,9,12,10,16,30,31
2,6,4,8,5,4,2,9,12,12
4,4,2,9,2,1,2,4,7,8
1,9,3,3,9,5,7,8,11,15
4,4,3,2,2,5,1,4,12,5
1,4,2,4,1,1,2,2,6,2
3,3,1,5,4,6,1,3,9,7
0,4,0,5,1,1,0,2,4,5
0,2,0,0,2,2,1,3,1,6
7,5,4,10,6,5,5,6,10,11
2,6,2,4,4,5,3,7,7,8
4,3,5,6,3,3,2,6,7,6
6,9,5,9,2,9,7,6,11,9
7,9,7,7,6,10,6,10,16,10
1,3,0,2,1,2,0,3,4,5
4,11,3,7,6,8,2,8,12,13
6,8,5,9,6,5,5,8,14,15
4,6,3,10,4,5,7,9,7,12
4,2,3,7,5,4,4,8,12,17
3,7,2,8,5,8,7,9,15,12
0,4,0,1,1,1,0,2,1,3
3,5,2,6,2,2,1,3,8,4
0,4,0,3,2,3,2,5,4,8
0,3,1,0,2,3,1,5,4,6
1,4,0,2,3,2,4,5,3,8
8,13,2,10,5,10,7,11,19,26
2,13,3,6,9,6,3,10,13,15
2,5,1,7,2,5,4,4,8,7
6,11,4,8,7,10,5,8,17,13
0,4,2,0,5,2,3,4,2,8
1,1,0,1,1,4,1,1,4,3
2,3,0,4,2,4,3,4,7,10
1,5,1,3,3,2,0,5,5,5
3,4,1,2,2,7,1,5,5,9
1,5,0,1,1,3,0,4,6,5
4,3,3,8,1,6,2,4,7,5
2,3,2,3,6,4,3,6,9,7
0,3,1,0,1,1,1,0,4,4
4,9,3,7,7,6,4,7,10,12
3,10,5,5,5,5,6,10,11,11
1,3,0,1,4,1,2,5,2,7
2,17,4,7,14,11,9,12,10,25
0,4,2,2,4,1,2,5,4,5
3,9,5,5,7,9,5,10,13,17
9,10,5,10,5,5,5,7,18,13
5,1,7,7,1,10,1,3,12,4
4,6,5,6,4,5,5,5,12,9
4,5,0,7,1,4,5,3,10,5
11,18,7,11,14,17,7,17,28,28
2,4,1,3,2,3,2,4,7,3
2,6,2,4,5,3,2,6,9,7
0,7,1,2,4,6,5,8,11,13
2,1,0,2,0,1,1,2,5,2
0,3,1,1,0,0,0,1,2,1
2,8,0,2,3,2,1,3,3,7
4,3,3,7,3,3,4,5,7,6
0,2,0,0,3,1,0,3,0,5
5,3,6,6,3,5,5,7,12,10
8,14,6,15,13,19,8,13,22,23
2,2,1,3,3,2,3,4,3,5
4,3,1,5,2,6,2,3,6,4
7,7,5,11,2,11,5,6,15,7
5,7,3,5,6,4,4,8,9,12
1,4,1,1,4,2,1,5,1,6
1,5,1,2,4,2,1,6,2,10
7,9,5,10,9,8,4,12,12,17
5,7,2,6,2,2,4,2,11,4
3,3,1,3,5,5,3,3,8,5
0,10,0,5,5,3,5,9,4,16
5,9,6,6,4,6,3,10,8,10
3,4,1,6,1,5,2,1,7,3
4,1,5,2,1,4,2,1,11,3
4,6,6,6,5,8,0,7,9,10
1,9,2,2,6,1,3,8,5,12
4,5,1,3,5,4,3,6,8,14
5,6,5,6,4,9,3,11,15,16
2,6,3,7,5,8,2,7,14,16
1,5,2,2,1,3,1,3,7,2
2,4,3,6,4,4,5,7,9,7
6,4,2,5,2,6,6,5,10,9
16,21,13,24,22,18,9,27,38,37
15,14,7,16,13,9,11,17,26,24
1,6,0,2,3,3,1,4,3,6
6,10,4,15,5,6,2,10,10,12
4,10,0,3,5,6,4,8,15,17
2,16,3,7,11,7,7,19,15,29
3,2,2,3,2,3,1,2,8,5
1,4,2,5,2,2,1,2,7,4
7,13,4,7,12,8,6,13,10,21
8,2,3,7,4,5,5,5,13,6
1,4,2,3,1,6,2,4,7,4
3,4,1,4,3,3,2,4,5,4
1,5,4,1,4,3,2,5,8,7
4,8,3,8,6,6,2,10,14,15
8,10,4,9,4,11,7,8,21,16
1,10,1,2,3,2,3,4,6,5
6,14,2,8,8,5,3,13,12,21
2,4,2,2,3,2,3,4,5,8
5,6,4,9,3,3,3,4,11,4
9,20,8,12,14,15,8,16,24,22
1,11,1,3,7,2,7,4,4,15
3,5,2,4,2,3,1,5,9,6
5,6,5,5,5,6,5,8,9,9
7,16,9,9,12,13,7,14,24,23
7,9,6,10,4,8,5,12,17,20
3,6,3,6,3,3,0,3,5,10
9,8,6,9,3,9,5,4,15,7
2,6,2,5,5,8,2,4,10,6
5,8,4,7,5,11,1,6,16,10
12,17,6,11,18,16,12,20,24,33
0,6,0,5,5,7,3,8,8,10
1,4,0,2,3,6,5,3,7,8
3,7,0,4,4,3,3,5,8,6
10,11,4,16,8,14,5,18,18,19
5,10,4,5,5,5,6,6,8,11
12,19,6,24,11,14,10,15,27,28
2,4,3,1,2,3,2,5,5,5
27,47,20,53,38,49,25,56,99,96
5,6,4,3,3,5,4,8,10,10
3,5,6,5,5,7,2,5,13,8
0,4,0,1,0,2,2,2,2,1
1,3,0,1,0,1,0,1,2,0
3,9,3,9,10,7,4,10,12,17
5,13,5,8,14,17,6,18,21,33
0,3,0,1,2,2,1,3,1,3
1,5,1,0,2,6,2,3,5,6
1,11,0,3,14,4,4,9,4,19
0,4,1,0,0,2,2,1,2,4
3,12,5,3,9,2,5,9,12,19
7,6,7,10,3,15,6,8,21,14
1,6,2,3,4,4,0,5,4,8
5,8,2,5,7,6,5,8,9,12
1,3,1,3,1,3,0,5,5,7
3,5,0,2,1,5,2,1,7,6
1,5,0,2,5,4,2,6,7,8
3,11,4,6,18,8,8,14,11,25
9,21,6,15,15,16,12,28,26,46
1,5,1,5,2,1,1,3,6,5
1,2,0,3,4,3,2,4,4,6
10,33,10,21,21,18,10,24,30,50
5,13,3,9,8,6,12,11,17,18
1,5,0,1,4,2,1,7,1,9
14,19,5,14,17,17,12,23,32,32
3,4,4,3,4,6,4,7,7,10
2,8,2,8,4,9,1,8,11,13
9,13,6,13,12,10,8,23,25,27
1,3,3,2,2,4,2,2,7,2
3,5,3,6,5,6,2,6,8,9
3,6,3,5,6,3,4,7,8,11
0,1,1,1,1,0,0,1,4,3
7,12,2,7,7,7,8,9,15,16
2,4,2,6,4,2,2,7,8,12
1,4,1,2,0,1,2,1,4,6
4,7,2,8,4,6,5,7,9,15
10,16,5,14,12,15,11,20,23,31
6,11,1,7,7,6,5,8,13,11
4,8,2,4,4,3,3,9,7,10
2,4,0,3,2,3,2,5,5,5
9,18,9,17,16,23,14,27,28,45
0,4,0,1,1,1,0,0,1,2
4,10,3,7,10,3,5,12,10,22
3,6,1,6,3,4,1,2,3,5
6,5,4,6,2,10,1,1,12,9
0,6,0,2,5,3,2,5,4,14
1,1,1,4,1,3,0,3,3,5
4,5,2,6,3,6,2,4,11,8
7,11,7,10,8,8,7,9,20,15
5,7,5,4,5,5,3,8,10,14
3,6,3,2,3,3,2,6,7,6
2,2,2,3,2,2,2,3,8,7
13,20,12,15,22,16,7,21,28,42
0,2,1,2,4,4,5,3,5,9
2,2,0,4,1,2,1,0,4,4
6,6,2,7,6,4,6,6,14,15
1,3,0,1,2,1,0,2,2,4
14,12,5,15,5,15,5,10,26,14
1,8,2,8,7,10,2,8,8,13
12,11,6,16,10,14,7,17,21,25
11,8,6,14,10,16,6,14,24,21
4,3,3,7,4,5,2,2,9,6
2,2,1,2,3,2,5,5,5,8
4,7,3,3,6,3,5,6,7,13
1,7,3,0,3,1,3,2,5,6
9,14,4,12,10,12,9,13,20,24
3,7,3,3,4,4,3,9,5,11
5,11,8,8,6,8,5,9,12,13
2,3,3,4,4,2,5,6,4,10
4,13,3,9,5,6,4,13,8,19
3,3,3,4,1,4,3,1,8,2
4,11,4,7,11,8,7,14,12,16
0,1,2,1,4,2,0,3,3,7
4,12,3,8,8,6,4,7,15,14
10,10,6,12,11,10,7,9,15,15
0,8,2,2,7,3,3,10,4,14
5,9,5,9,7,7,8,13,16,16
7,17,4,11,17,7,7,17,13,34
2,6,2,3,8,5,3,10,6,13
6,6,4,5,6,5,4,2,12,9
1,5,1,2,4,4,3,7,6,8
2,12,0,6,7,7,3,10,14,20
5,11,4,12,10,13,8,7,18,16
3,4,6,5,4,2,3,5,7,7
3,1,3,3,2,3,0,3,10,7
4,2,2,3,1,5,1,2,6,4
3,10,2,5,4,4,3,4,6,10
1,3,0,6,4,4,4,1,7,7
4,5,2,3,3,3,5,3,7,8
3,3,0,2,3,1,1,5,3,6
10,16,7,14,15,12,6,24,18,29
4,9,1,4,5,3,6,9,9,13
2,9,2,4,7,3,4,7,7,8
0,6,0,1,5,2,1,8,4,11
2,10,0,4,8,5,2,12,7,25
3,15,5,8,10,10,12,19,22,25
6,14,4,9,9,7,4,12,14,15
6,12,4,11,7,9,7,8,16,17
4,5,5,4,6,6,3,6,11,14
5,5,4,6,4,9,2,9,13,7
9,16,8,15,13,18,12,20,27,31
0,3,1,1,5,4,2,7,3,8
5,10,4,7,6,8,5,6,16,14
4,13,5,8,12,13,7,16,19,24
1,6,1,3,5,4,2,4,7,10
2,2,2,2,1,4,2,4,8,9
1,4,3,3,2,3,4,7,5,9
7,15,7,15,10,12,6,15,21,28
4,8,4,5,5,3,1,6,9,11
2,2,2,1,3,3,1,3,4,4
0,3,1,2,3,3,1,3,5,5
0,5,1,1,0,4,1,2,6,7
0,6,0,3,1,0,4,2,4,3
6,10,5,11,9,16,7,15,21,21
5,31,8,16,21,7,14,26,24,51
0,5,0,1,3,3,0,4,3,6
4,7,3,7,6,10,3,7,13,11
0,4,0,3,2,1,2,3,3,4
3,6,2,4,1,4,2,3,5,4
5,10,4,6,11,5,5,10,14,17
1,6,3,1,3,2,3,6,3,9
6,7,5,10,4,7,3,7,12,9
11,12,9,18,9,11,10,9,28,23
5,6,5,10,5,7,5,9,12,17
3,17,2,9,8,16,12,24,20,31
3,5,2,4,3,2,3,4,5,4
3,5,1,3,1,1,1,4,4,5
3,3,2,5,2,2,2,5,7,11
2,3,3,7,3,5,2,10,10,15
1,4,0,2,3,2,1,6,3,12
23,37,14,38,30,34,21,48,58,81
5,10,3,6,8,6,4,5,10,10
2,7,2,3,4,5,0,5,7,14
7,6,5,8,3,4,5,6,10,9
8,7,6,12,5,12,6,4,19,19
2,3,3,2,3,1,1,4,5,7
3,4,3,5,1,3,4,4,7,11
2,8,3,4,4,5,3,7,8,8
2,2,3,2,2,4,1,4,3,6
2,7,2,4,8,7,5,10,11,15
5,6,5,7,6,8,1,8,12,10
2,3,0,3,1,1,0,0,5,1
2,7,3,2,5,5,7,11,8,17
6,14,5,6,7,6,9,10,13,20
5,5,4,9,2,8,4,4,13,8
5,5,4,10,7,7,4,4,14,10
2,4,0,1,4,3,2,6,7,14
17,29,16,25,21,26,19,29,47,58
3,3,3,3,3,4,3,4,6,7
10,10,6,16,6,13,13,12,22,16
8,11,5,9,8,9,7,13,16,25
2,7,2,7,6,6,0,11,9,19
5,13,6,6,13,15,5,12,19,22
7,5,4,11,5,12,6,4,17,11
5,5,3,8,4,5,6,5,11,8
5,3,2,6,2,8,0,6,11,8
3,12,2,5,12,2,5,9,9,19
3,4,3,6,3,6,2,0,6,10
2,1,1,4,1,4,1,2,7,3
2,9,4,4,9,6,3,10,10,14
5,9,3,5,3,5,8,6,11,13
9,18,10,15,15,15,8,18,26,27
4,9,4,10,3,8,2,5,14,8
5,7,6,9,8,7,4,9,12,13
3,20,3,7,21,4,8,18,11,37
6,11,4,9,6,14,7,6,17,9
1,4,2,3,3,2,3,4,7,3
4,15,2,6,18,7,6,26,11,36
1,7,3,3,4,4,3,7,6,12
4,22,3,10,19,9,9,21,10,39
9,10,7,11,6,13,4,8,17,11
4,8,3,6,4,6,5,6,12,9
3,8,2,6,12,9,5,6,9,17
3,4,2,3,1,5,2,6,11,8
2,5,4,2,2,2,2,3,4,4
3,9,4,4,9,9,3,8,12,10
4,9,3,6,11,10,3,7,11,16
5,8,3,9,9,13,4,5,17,16
6,7,5,6,3,8,3,5,15,5
2,5,3,1,6,2,4,7,5,11
5,7,1,6,4,3,2,7,7,7
5,10,7,12,10,10,9,13,17,21
2,4,3,3,5,2,0,4,5,9
0,2,0,1,1,1,1,7,3,9
3,8,3,6,3,6,2,2,6,3
3,6,2,8,6,3,3,9,6,14
11,11,10,11,7,12,5,8,28,21
5,5,5,7,0,7,5,2,16,6
5,6,1,7,4,2,3,5,11,8
2,1,3,4,1,4,2,4,9,3
0,6,1,3,5,3,3,6,4,8
0,1,2,4,2,8,2,7,9,5
5,2,1,3,3,6,3,4,8,7
4,4,4,5,3,6,5,8,13,12
8,10,2,10,3,6,2,7,17,13
3,5,3,7,3,2,4,5,7,5
12,8,7,11,8,9,8,10,19,14
4,10,2,7,3,6,5,6,13,14
0,16,4,5,12,8,8,15,12,27
0,5,2,1,5,3,5,5,7,7
2,10,2,5,5,5,5,5,8,13
3,10,2,5,8,4,3,10,8,10
3,6,2,2,2,2,3,3,9,6
4,12,6,3,7,4,4,12,15,15
8,9,7,10,7,9,3,7,15,8
1,2,3,2,3,4,2,1,6,6
1,11,0,5,12,3,4,11,6,18
1,5,1,3,5,4,0,9,7,10
2,9,3,4,5,6,3,12,13,22
1,4,0,3,5,3,3,10,2,10
2,5,2,3,3,5,3,4,6,5
3,8,4,4,6,3,5,5,5,10
1,4,1,1,0,2,2,1,2,5
7,16,5,16,12,8,11,17,22,32
2,3,4,5,2,3,1,5,9,3
4,3,4,5,3,3,2,4,6,4
15,22,11,19,17,18,14,21,37,37
1,10,0,1,4,3,2,4,6,8
10,5,6,8,6,6,2,6,15,9
3,5,2,5,6,6,4,10,9,10
5,5,5,4,5,5,4,3,11,11
7,9,3,10,5,12,4,10,14,14
2,2,1,3,1,3,0,4,4,4
1,4,2,3,2,3,3,3,5,7
4,5,4,2,3,5,3,2,11,8
4,10,5,4,7,6,4,7,9,10
3,7,4,4,5,4,4,5,6,9
5,9,3,9,9,5,6,12,11,18
3,13,2,5,6,3,2,10,10,18
1,6,0,7,2,5,4,1,6,7
2,5,2,4,5,2,4,3,8,7
9,14,9,14,10,20,8,12,23,25
4,7,3,6,5,4,3,6,11,12
9,11,6,11,11,8,5,9,14,18
5,8,6,9,3,8,9,8,14,14
3,4,2,8,4,4,3,5,11,9
3,1,1,4,2,3,2,3,5,3
17,11,9,22,9,20,13,14,32,30
11,18,13,18,13,17,6,21,34,36
0,4,1,0,6,3,1,8,5,14
6,7,6,10,5,6,4,8,12,11
6,28,2,12,20,7,11,23,16,42
2,5,3,3,4,4,1,9,8,10
4,8,1,8,4,4,4,12,8,11
7,6,4,7,3,3,1,8,11,5
4,4,3,6,7,5,3,7,7,16
4,10,4,8,6,8,4,8,16,7
2,4,1,4,2,2,0,4,4,6
6,12,3,6,7,5,7,10,10,19
9,16,5,12,12,13,4,17,28,32
9,12,8,12,8,15,10,12,29,20
1,3,2,3,2,2,1,4,6,3
3,6,3,5,3,3,6,6,8,6
3,5,3,3,2,2,1,5,8,4
12,14,7,15,11,20,8,10,27,26
0,3,2,1,2,4,3,3,5,2
0,4,0,0,3,0,1,3,2,4
1,5,1,4,3,2,1,3,4,6
6,19,5,10,15,10,6,21,18,37
0,2,0,0,1,1,4,3,1,5
3,6,1,1,3,4,3,9,8,12
8,8,7,6,6,5,5,8,13,15
3,10,0,2,9,3,4,9,6,16
4,1,2,7,2,7,1,2,9,6
2,4,0,6,6,5,6,6,8,9
2,4,1,4,5,7,0,3,8,12
4,13,3,7,13,8,11,19,15,27
7,5,1,5,2,5,3,6,9,7
4,13,3,10,8,5,8,11,11,13
6,13,8,15,10,15,6,9,23,26
2,7,2,5,5,4,4,5,8,10
8,11,10,11,9,14,4,11,27,19
4,14,4,5,10,5,5,10,14,13
6,7,6,6,5,7,4,3,14,8
6,9,2,13,5,8,7,15,22,26
7,10,3,12,7,6,8,10,17,14
2,2,1,2,2,2,3,4,3,3
3,7,4,9,6,11,5,5,17,11
1,5,2,5,2,5,2,5,8,7
2,6,1,5,4,2,3,7,8,12
1,5,0,2,3,0,2,3,1,7
4,9,2,6,4,4,2,10,12,13
8,14,4,13,11,11,12,10,19,25
4,12,8,5,9,6,8,10,17,17
3,4,3,8,3,8,2,4,15,12
14,7,8,17,5,11,4,7,23,15
8,8,7,11,5,5,8,6,21,14
0,5,1,3,2,4,2,3,8,3
4,6,4,5,4,5,2,5,7,7
10,12,7,13,10,11,8,25,20,35
2,4,1,5,7,9,2,5,11,15
7,7,6,9,4,12,4,8,14,13
6,5,4,6,5,5,6,10,13,16
2,9,2,3,7,5,4,9,8,12
4,16,2,7,10,11,9,12,18,20
3,3,1,1,4,1,4,4,4,7
6,7,3,6,2,9,3,4,11,7
7,6,3,9,5,7,6,5,18,15
4,10,5,6,5,5,6,9,11,12
0,2,2,2,1,1,0,2,3,3
1,3,1,1,1,3,2,1,8,5
4,5,4,3,5,9,3,4,18,15
0,3,0,2,3,3,3,2,3,4
2,7,2,3,5,2,3,8,5,11
4,14,6,7,8,5,3,12,13,15
2,9,2,2,3,3,1,6,8,14
3,6,2,8,2,8,4,6,10,12
4,11,4,9,5,6,3,14,18,14
1,10,1,2,4,1,5,8,6,11
3,2,2,4,3,5,2,3,7,4
6,15,5,11,11,10,12,10,15,23
2,1,2,1,3,2,1,2,5,5
7,11,5,7,7,6,6,12,8,13
2,8,1,3,4,4,4,7,8,7
4,2,4,4,2,6,2,3,11,6
5,13,6,10,8,8,5,9,24,15
5,8,6,7,6,7,7,10,13,21
24,28,13,31,22,31,13,29,54,53
0,9,3,2,6,5,3,9,10,14
4,9,4,4,5,5,6,7,9,10
9,11,2,10,10,10,4,12,15,20
1,1,2,1,3,0,1,4,3,4
3,6,1,3,3,8,8,8,13,12
8,19,9,20,16,18,12,16,42,33
2,15,4,11,15,12,7,15,18,26
9,8,8,9,4,6,5,6,20,10
0,7,1,0,3,3,1,3,7,11
1,6,1,1,2,1,2,3,5,9
5,9,6,7,6,7,8,11,11,18
1,3,1,3,2,2,2,2,2,4
2,5,1,4,3,3,2,5,9,7
12,10,10,17,12,11,7,12,18,18
1,6,1,5,3,5,4,5,6,6
11,9,6,11,6,14,7,6,22,14
10,9,8,15,12,11,7,16,27,22
13,21,8,15,19,14,13,21,27,31
6,24,4,13,17,12,16,25,22,49
12,15,9,14,6,12,6,9,25,19
1,5,0,2,1,3,1,4,5,3
6,8,4,9,4,10,1,7,13,8
7,13,6,11,9,12,5,15,20,27
2,8,0,5,3,2,4,8,9,7
5,16,4,14,15,13,8,17,16,32
1,5,0,5,4,5,4,9,10,15
5,12,4,10,12,10,10,15,18,26
4,11,4,8,9,8,3,11,14,21
3,14,2,2,12,3,7,12,6,22
2,10,2,8,7,5,5,8,11,14
13,16,6,14,10,14,13,17,30,29
6,5,4,4,4,7,3,8,16,12
11,19,7,19,16,8,8,22,23,38
2,6,1,4,2,4,0,3,5,5
0,8,1,1,6,3,2,9,5,10
1,4,1,5,5,1,3,8,4,11
4,14,4,11,16,8,6,19,21,35
1,2,3,3,3,2,1,3,6,3
1,5,0,2,5,1,2,3,3,7
1,5,1,2,7,2,4,6,4,11
2,11,3,6,9,7,0,11,13,22
7,11,7,10,11,12,5,10,21,16
4,7,4,8,7,9,6,14,13,16
7,14,7,12,9,10,8,20,29,30
24,27,19,30,20,24,15,31,55,45
18,12,10,18,7,17,9,13,33,25
3,3,2,3,1,5,3,1,9,4
11,16,7,21,13,15,10,13,27,24
4,3,5,9,2,8,3,8,10,9
5,13,7,8,17,11,6,15,16,26
5,6,4,8,2,7,2,8,14,9
4,8,4,5,4,5,1,8,10,14
4,6,6,6,2,3,4,5,13,6
3,4,2,4,4,3,2,7,6,17
6,6,5,7,5,7,3,5,14,14
0,4,2,0,5,1,1,5,2,10
6,10,3,9,5,12,4,7,14,22
6,6,5,7,11,8,5,9,14,15
1,3,2,1,4,4,2,3,5,6
3,6,4,6,3,3,6,3,7,5
6,9,7,13,10,11,3,12,19,17
3,7,2,4,5,7,4,12,12,12
6,5,4,5,7,5,4,10,14,12
15,11,8,18,13,13,6,12,31,31
12,15,11,14,10,15,12,19,30,28
7,8,8,12,3,9,9,7,20,15
4,6,1,6,2,5,3,2,12,7
0,3,0,0,3,0,1,3,0,5
4,12,0,7,5,7,3,9,12,15
9,12,3,17,6,10,7,16,21,25
5,14,6,8,9,10,8,14,20,20
10,13,7,9,15,14,5,16,21,29
3,9,2,6,8,4,6,10,7,19
7,9,7,9,8,8,5,12,12,12
5,12,3,7,13,13,3,10,17,24
3,4,1,5,3,2,4,3,6,8
7,9,4,7,4,5,4,7,10,11
7,8,7,10,6,5,8,8,11,11
2,3,2,4,2,5,2,5,7,9
6,2,3,6,2,6,2,4,9,6
3,4,4,4,3,5,5,7,8,9
4,12,1,3,9,3,6,7,11,14
2,5,5,1,4,3,2,2,7,7
0,6,0,3,3,5,3,4,7,6
0,6,1,2,2,1,4,4,2,4
7,8,6,8,7,10,5,6,18,12
2,6,1,9,3,4,1,3,5,9
7,14,8,10,8,9,9,9,15,21
8,5,3,7,5,4,3,5,10,7
2,2,1,2,3,4,5,3,6,8
1,5,1,3,2,4,3,3,7,5
5,11,4,8,9,6,5,11,12,16
4,10,4,8,9,5,4,11,13,19
7,6,6,9,7,8,3,7,13,12
1,1,1,4,1,3,1,5,3,2
5,4,2,7,3,7,3,2,11,5
3,3,1,3,3,2,0,3,7,4
6,5,6,14,4,13,5,6,19,12
1,3,1,2,1,2,2,2,5,4
10,22,5,15,18,16,11,22,34,37
13,16,9,17,13,16,9,17,29,26
3,3,3,2,0,2,1,2,7,3
2,9,1,6,12,4,5,10,11,23
1,2,0,4,0,3,3,1,5,1
2,1,2,3,1,7,1,1,8,4
2,7,1,5,4,3,3,8,6,8
3,13,1,6,7,3,4,7,7,15
1,6,2,3,2,2,1,3,6,6
4,10,1,7,5,9,4,7,10,12
1,6,2,1,5,1,4,6,3,9
3,8,7,5,6,7,3,12,13,12
19,19,14,24,15,22,16,20,42,36
29,27,23,51,23,32,18,33,63,61
1,6,3,4,3,7,1,6,7,7
7,9,6,11,8,13,7,11,24,26
2,6,0,3,7,8,0,15,11,18
9,13,6,14,9,6,5,17,27,28
3,10,6,7,7,7,3,11,14,12
1,5,1,3,3,4,1,6,5,7
3,8,3,6,8,4,6,9,8,14
3,9,3,3,4,3,3,5,6,11
5,10,3,9,7,5,7,8,15,16
3,5,5,4,6,9,1,10,13,10
12,8,8,14,6,9,8,9,28,15
6,12,1,8,11,4,3,15,15,26
1,2,1,2,2,2,2,3,3,6
4,5,3,6,2,3,3,3,7,5
0,3,2,1,5,2,2,7,7,7
1,3,0,4,1,2,1,4,4,8
5,8,5,6,4,3,3,7,6,9
0,5,1,1,2,1,2,5,4,6
2,3,0,2,1,2,2,2,6,2
3,4,3,2,3,4,3,8,6,5
2,3,1,2,3,5,4,4,7,4
5,9,4,6,7,7,6,7,12,8
22,16,16,28,15,27,8,20,41,35
4,9,2,8,6,10,7,6,10,12
11,16,7,12,18,18,8,18,23,31
2,7,4,3,4,3,3,7,5,9
6,10,3,4,3,8,2,5,19,9
4,5,2,7,6,5,3,8,8,10
5,5,6,6,2,9,3,6,10,8
15,21,8,24,11,20,16,11,33,22
1,9,2,5,7,3,2,10,6,15
3,8,3,5,6,3,5,9,7,16
4,7,6,6,4,5,4,8,7,13
4,5,5,6,5,5,4,6,7,12
9,14,7,9,10,13,13,15,21,24
7,24,5,9,24,9,6,25,23,41
1,3,2,4,2,1,3,2,5,4
6,9,4,7,7,6,4,9,14,17
3,5,3,4,3,1,4,2,8,4
0,3,2,3,3,3,1,3,5,4
4,5,3,3,3,7,4,6,10,11
2,10,1,5,7,4,3,8,6,11
8,10,4,11,10,8,6,14,18,20
0,9,0,5,8,2,5,10,3,16
6,12,4,11,6,4,7,8,12,16
6,14,4,11,12,9,9,15,21,36
2,9,2,3,10,5,6,12,5,13
5,4,5,6,6,8,7,6,12,12
4,7,7,3,6,3,5,7,9,9
0,9,0,3,5,6,4,8,7,9
11,9,10,14,9,11,9,12,29,25
1,7,0,4,2,4,1,5,5,12
7,16,7,19,13,9,6,18,24,30
13,16,13,20,12,19,8,17,35,31
6,19,7,9,16,9,10,30,25,40
1,4,1,1,1,1,2,4,3,5
17,13,14,23,10,24,11,19,40,30
4,15,7,3,13,9,6,16,19,23
2,4,2,1,1,1,0,0,4,2
5,7,4,10,4,8,3,5,11,7
8,10,6,10,6,12,4,7,19,10
1,2,0,2,2,0,0,2,5,3
8,12,7,14,7,19,7,15,26,23
4,15,3,4,12,5,7,15,7,23
2,10,2,2,10,7,5,10,8,22
4,9,3,6,4,7,7,9,11,7
13,16,8,15,7,18,6,13,27,19
3,4,2,3,3,4,0,2,6,4
0,1,1,1,3,3,0,4,5,7
3,9,4,4,6,8,3,9,8,14
2,7,1,2,8,4,3,16,8,17
1,2,0,3,1,3,1,1,3,3
3,6,5,4,7,7,2,6,11,11
6,11,9,9,7,14,5,10,14,15
0,5,0,1,4,2,1,8,4,15
1,2,2,3,2,4,0,4,7,4
6,12,4,6,7,5,6,9,16,13
5,9,4,6,6,6,8,7,9,10
8,9,5,13,8,14,4,9,17,19
0,3,0,3,3,4,1,4,5,10
1,9,2,2,6,1,4,7,8,9
5,20,2,14,10,6,5,12,22,25
6,9,1,8,6,4,6,8,9,11
8,12,6,15,4,11,5,12,22,15
7,20,9,12,16,13,14,22,16,32
9,8,5,10,6,11,5,7,15,12
3,7,2,1,6,2,2,10,6,15
1,3,0,3,5,1,7,5,6,12
6,12,7,12,12,11,6,12,15,19
4,7,6,4,5,5,4,8,11,11
8,20,12,26,14,27,10,24,39,33
3,6,2,4,2,4,2,3,8,6
5,4,5,6,0,3,2,3,7,5
25,17,15,38,13,27,17,19,48,32
2,3,1,3,0,1,2,1,5,8
0,11,0,4,7,0,4,5,7,13
8,13,10,10,17,18,9,18,28,34
3,10,1,6,11,7,6,7,9,19
6,17,4,16,16,15,8,15,27,30
8,8,3,11,5,6,6,10,18,17
1,7,0,2,2,2,5,2,6,6
4,8,3,5,3,4,2,6,5,5
4,1,2,5,0,7,1,0,7,1
4,14,2,7,12,8,9,10,11,20
3,2,2,7,2,3,2,2,9,7
1,6,1,3,2,2,2,3,3,7
3,9,2,3,7,4,2,7,8,7
0,2,0,1,0,4,0,3,4,4
6,15,7,8,13,13,6,15,23,29
6,5,1,8,4,11,3,8,16,12
0,4,0,1,4,0,1,6,4,6
4,8,1,6,5,4,4,6,10,9
1,8,1,3,6,4,2,7,5,11
2,7,2,5,4,3,1,5,9,12
3,7,2,6,10,4,2,6,11,17
3,4,2,2,1,2,2,3,6,5
3,6,2,5,5,5,6,7,12,16
2,8,2,3,5,4,5,7,7,11
0,8,1,2,7,1,1,8,2,10
4,5,2,2,4,4,5,4,9,6
5,10,3,7,7,6,4,7,11,16
6,12,9,4,11,9,10,12,15,20
2,2,2,2,2,2,4,3,5,4
7,3,3,7,1,7,4,2,11,3
5,5,3,4,3,6,2,2,13,8
2,9,1,5,6,6,7,10,7,13
2,5,2,6,1,5,1,4,8,3
0,5,0,1,3,3,2,2,8,5
3,19,2,7,13,9,7,18,11,33
16,19,12,24,12,15,5,18,30,27
3,11,4,6,6,2,4,5,10,12
4,11,0,10,7,5,8,13,11,22
7,11,7,13,6,14,5,9,22,17
2,7,3,4,8,10,5,13,11,19
1,12,0,3,11,7,7,12,11,21
7,13,6,11,7,10,8,10,14,19
1,6,2,4,3,4,3,9,9,8
4,6,3,6,5,6,5,4,9,12
7,20,6,12,18,14,14,17,21,36
3,5,0,5,4,6,4,6,9,10
21,15,15,30,14,21,8,19,38,25
2,3,4,4,1,4,4,2,6,4
2,5,0,3,2,0,3,3,2,2
6,7,1,10,6,9,5,5,13,15
3,5,5,4,4,6,3,8,7,8
5,7,3,12,4,13,3,4,16,6
5,7,3,7,3,8,2,6,12,10
6,11,2,10,5,8,3,7,18,16
4,3,3,4,4,10,2,3,12,6
2,9,2,4,7,6,5,9,10,16
14,14,11,19,12,15,14,10,29,24
0,2,1,2,4,2,2,5,3,6
2,4,2,4,3,3,0,2,5,4
1,2,1,1,3,2,1,3,3,3
0,9,1,2,9,1,3,7,1,13
2,4,0,9,5,5,2,6,13,8
1,7,2,4,2,2,3,3,6,5
2,5,2,1,2,3,1,5,9,8
2,2,1,4,1,3,1,4,6,3
1,5,0,4,6,3,1,10,5,11
3,3,4,4,0,3,6,0,8,2
5,7,1,5,4,3,5,3,8,7
3,7,5,6,5,6,2,6,9,9
8,13,8,14,12,11,7,15,18,27
16,18,11,27,15,19,10,16,33,29
7,14,7,11,10,15,5,14,23,27
1,3,0,1,3,1,2,5,3,10
2,4,1,8,3,4,2,4,6,8
2,8,1,5,7,5,4,9,6,18
0,2,0,0,2,3,1,3,4,10
7,9,5,9,11,5,7,16,15,22
1,2,1,1,0,3,0,3,3,3
7,12,3,5,10,7,8,13,16,25
3,9,3,4,7,8,4,14,10,16
13,27,7,23,11,19,13,18,32,41
1,3,1,2,4,2,4,5,4,11
2,3,2,1,3,3,2,3,5,5
1,3,0,1,3,3,0,2,4,6
6,12,7,9,5,10,6,10,17,14
2,3,0,4,0,1,2,0,4,0
0,8,0,2,10,4,5,12,6,16
12,15,8,14,9,11,4,12,24,30
1,6,2,4,7,4,6,10,9,13
2,6,1,7,5,8,2,10,7,11
11,15,10,16,12,10,7,14,26,26
0,5,0,3,5,3,4,8,2,12
4,3,4,5,2,5,4,2,9,5
0,5,0,4,0,2,1,5,2,6
2,5,3,4,5,4,7,8,8,11
5,12,5,11,9,8,4,6,16,26
5,5,4,7,3,11,2,8,18,14
3,13,5,5,6,8,6,18,14,24
5,7,4,7,8,7,3,9,10,11
3,7,3,4,7,4,10,9,7,11
8,6,11,8,7,7,4,11,21,14
7,9,6,11,7,9,6,7,20,13
7,9,8,8,8,6,3,12,14,15
6,6,4,7,5,7,6,6,10,11
6,6,4,7,5,8,4,8,10,10
9,9,6,12,5,15,12,14,26,16
0,5,1,1,2,1,2,2,5,5
5,17,7,11,10,12,11,13,24,24
2,7,1,4,1,3,1,2,6,2
6,10,3,7,6,7,2,10,12,11
11,9,5,9,5,6,5,7,17,8
1,5,1,3,4,4,4,6,8,7
6,13,5,12,11,6,10,15,12,28
9,15,6,15,16,13,13,20,25,27
4,6,3,6,3,5,4,3,8,8
8,11,4,11,8,11,6,8,14,12
10,9,10,14,6,12,2,10,17,9
2,8,2,1,2,4,3,5,9,10
5,8,1,6,6,5,5,9,14,20
5,6,7,9,7,14,5,9,18,15
3,3,3,8,2,8,6,4,8,9
3,7,4,6,7,7,5,10,12,14
2,7,0,0,7,4,4,8,4,12
2,9,2,5,6,4,5,10,10,12
3,7,2,11,6,8,4,6,16,18
0,2,1,1,2,1,3,3,1,6
8,13,6,13,12,13,7,11,23,23
5,11,2,10,12,9,7,9,17,22
8,10,5,9,8,12,7,13,18,24
2,2,2,3,2,2,1,2,3,2
8,5,5,10,2,8,6,4,16,9
4,7,2,6,5,9,2,8,8,12
26,20,14,27,17,24,16,24,42,34
4,4,2,5,3,5,2,5,10,9
22,20,19,27,15,30,15,16,48,38
6,18,6,11,13,9,10,11,21,24
4,8,6,7,7,6,4,9,14,15
11,16,14,11,16,15,11,25,25,37
0,5,1,1,3,2,2,3,2,4
6,2,2,7,1,5,4,1,10,4
1,4,2,5,6,5,5,6,5,7
4,12,3,7,10,6,6,16,13,22
4,5,3,6,9,7,8,12,10,18
4,8,3,7,5,5,5,8,10,11
3,3,1,5,4,2,2,3,4,6
2,5,2,2,7,6,1,5,6,11
11,10,11,14,10,10,12,8,26,20
8,8,6,9,8,13,9,14,21,16
6,6,9,6,6,12,10,14,20,14
4,4,3,2,3,3,2,7,5,10
0,4,1,0,2,1,1,1,2,3
13,11,8,10,9,13,7,11,23,19
14,19,9,16,13,11,10,14,22,25
3,7,2,6,15,7,8,8,8,20
10,11,9,10,6,9,7,11,21,22
8,8,7,15,4,14,6,9,25,13
2,15,3,9,10,10,9,14,13,26
0,6,1,1,2,2,4,5,3,7
1,5,2,1,7,3,0,10,4,14
3,8,0,3,9,8,2,9,6,17
4,9,5,5,7,6,7,7,10,13
6,12,8,11,8,12,5,11,31,17
9,11,8,16,6,13,9,12,23,20
3,8,4,7,10,4,6,7,9,16
4,7,3,7,2,8,2,3,12,9
8,10,5,9,6,6,3,8,10,6
10,15,6,15,10,9,9,9,21,23
1,4,2,1,1,2,1,6,3,9
1,4,1,1,0,0,0,2,3,3
1,4,0,3,2,3,1,3,6,10
0,6,1,4,8,2,4,9,4,14
1,5,1,6,2,4,3,6,6,13
3,4,3,2,6,2,3,5,7,13
2,5,4,6,6,9,8,5,13,12
1,6,1,3,3,5,5,5,4,5
46,54,33,70,45,64,38,71,131,130
5,3,4,4,1,2,1,2,6,2
7,6,6,7,4,9,6,10,14,9
6,6,4,8,3,7,3,4,13,6
5,7,2,8,5,10,2,6,11,14
10,5,5,13,3,9,4,2,17,5
4,17,7,5,13,10,7,15,16,27
4,12,3,5,11,6,4,11,12,19
6,5,8,9,6,10,7,8,20,9
3,5,1,3,4,9,2,2,12,8
5,8,3,12,8,9,5,9,20,17
4,9,3,9,6,6,6,11,17,21
4,9,7,7,4,6,6,7,12,11
5,7,3,5,4,3,3,3,11,6
2,5,3,3,6,7,4,8,8,13
12,16,12,25,15,19,9,29,30,34
7,9,8,7,7,4,7,11,15,19
5,8,8,9,3,9,7,4,16,6
7,12,5,10,14,16,5,15,19,20
5,10,4,6,11,8,3,14,13,21
6,17,9,14,14,9,8,21,18,28
4,12,6,11,11,10,10,15,19,24
3,9,4,3,13,9,8,16,9,23
1,12,4,7,10,8,11,13,11,24
0,2,1,2,1,1,2,1,4,2
4,13,4,8,14,7,8,14,11,17
11,10,11,18,6,17,6,9,21,14
3,6,2,5,8,3,4,10,6,9
15,13,7,15,10,12,10,12,27,20
9,13,6,12,7,11,11,15,14,19
0,3,0,1,5,1,2,4,3,9
2,13,6,9,7,11,6,9,13,16
1,4,1,0,0,0,0,0,2,0
5,6,3,10,3,7,3,6,12,5
1,5,0,0,6,0,5,8,4,11
0,2,0,0,1,1,0,2,1,2
1,5,1,1,2,4,2,3,5,5
9,15,5,15,9,12,4,16,23,27
6,9,4,8,6,4,7,8,9,10
1,13,1,1,9,4,6,12,8,16
4,6,3,4,7,5,3,6,5,12
1,5,3,3,3,4,3,2,5,4
7,6,2,5,4,8,5,7,14,11
0,3,0,3,3,2,2,3,5,5
9,14,7,13,7,18,6,12,27,23
0,9,2,1,6,6,3,6,6,10
2,11,1,5,7,9,6,10,14,8
1,3,0,1,2,1,3,3,3,4
3,4,1,2,2,3,4,4,3,5
5,11,3,10,4,11,3,10,12,13
18,25,16,19,22,22,17,27,44,42
1,1,2,2,2,1,0,4,6,4
8,7,6,10,9,13,2,11,14,17
2,7,5,5,5,6,5,7,12,10
4,12,4,9,6,9,5,9,16,13
6,9,5,7,4,10,6,9,15,16
1,1,1,1,0,1,1,1,2,3
1,7,2,3,5,3,6,7,9,13
3,2,2,4,1,3,2,1,4,3
7,8,4,11,9,10,5,7,14,12
10,22,4,15,23,14,17,29,26,51
7,10,5,12,6,10,5,8,20,10
8,9,6,9,10,8,5,15,15,18
0,4,1,0,1,2,0,4,3,3
2,6,1,5,6,7,1,7,8,9
1,5,1,2,5,3,5,4,3,9
3,4,3,6,2,5,5,4,8,9
2,5,1,4,2,3,2,1,4,5
6,9,5,6,7,3,4,8,11,14
3,5,5,4,5,6,1,6,9,8
3,6,2,4,3,3,1,4,8,5
1,1,2,2,1,1,0,2,7,3
7,6,7,9,3,8,2,6,14,6
3,2,1,1,1,1,2,2,8,2
2,4,2,4,1,4,3,1,8,4
9,17,8,13,11,14,6,16,22,20
15,22,14,19,16,19,11,23,39,40
11,18,11,12,11,10,8,18,27,27
1,4,0,3,4,4,3,8,9,10
11,15,6,10,10,10,9,13,27,17
4,3,4,6,4,7,2,5,9,8
4,5,2,4,4,3,1,3,10,7
4,15,5,7,12,7,7,13,17,26
2,18,3,7,9,7,9,18,11,26
8,7,6,8,6,7,4,5,8,11
2,4,2,4,5,5,3,5,11,7
6,3,2,6,4,6,3,5,9,6
3,9,6,6,7,8,6,10,15,19
2,3,2,3,5,3,0,10,3,13
2,4,2,2,2,2,3,3,6,8
5,8,3,7,6,6,6,5,12,13
8,14,5,7,10,8,7,18,12,21
2,9,4,3,5,4,3,5,7,11
7,11,4,4,8,2,5,15,8,19
19,22,17,20,15,21,14,15,40,32
6,9,2,11,5,10,9,11,22,16
2,9,5,6,3,6,4,8,9,11
5,10,3,7,8,10,5,10,13,11
5,7,5,9,7,15,4,6,14,9
16,18,10,15,14,17,12,17,28,27
11,8,8,9,5,10,7,7,20,11
2,4,0,3,2,3,2,4,6,11
12,12,9,19,12,17,9,15,38,28
7,9,2,8,6,9,5,13,16,18
3,13,4,3,11,2,7,9,6,20
19,23,14,22,19,18,9,28,42,39
2,9,1,4,4,3,4,6,7,11
2,10,4,2,5,4,2,8,12,9
1,9,1,1,5,4,2,5,4,6
3,5,2,6,3,5,2,5,10,7
7,7,2,6,3,6,6,5,9,11
6,11,3,5,6,6,3,8,12,13
13,20,10,15,15,11,5,19,29,38
1,7,1,5,10,4,4,6,6,13
1,4,0,1,2,6,2,5,6,6
3,3,1,1,3,3,3,4,6,11
10,9,8,13,7,13,4,8,24,23
3,2,1,1,3,3,2,3,2,4
0,5,0,0,4,0,1,5,1,8
9,8,8,12,4,8,4,3,14,5
5,2,3,7,4,5,4,3,10,5
4,10,3,5,9,6,6,9,13,19
11,18,11,12,12,15,8,13,27,20
5,8,4,6,4,4,4,8,11,13
6,11,6,7,10,6,6,8,14,20
4,3,1,3,4,5,0,8,8,10
2,4,2,7,3,3,4,3,8,7
6,9,4,6,5,11,4,9,15,12
5,8,4,7,6,8,3,6,14,17
14,15,12,15,12,15,11,18,25,24
3,15,2,6,9,4,7,14,11,22
1,4,1,2,5,3,2,8,3,9
7,13,5,12,8,10,5,13,24,20
4,5,5,7,3,6,2,6,8,8
3,7,2,2,6,3,5,10,5,13
3,7,4,8,6,9,3,9,13,12
4,6,4,4,4,5,2,7,8,13
4,7,2,3,5,6,3,6,6,8
11,13,9,13,6,12,8,7,19,10
3,6,3,9,5,7,2,8,7,18
7,11,3,8,4,7,5,8,17,8
6,6,2,8,5,7,6,6,12,11
4,9,2,6,8,7,4,7,9,15
6,9,1,9,5,9,4,5,13,12
9,13,3,14,7,11,7,7,20,14
9,17,5,11,13,10,10,14,23,24
1,9,1,2,5,4,2,7,6,9
1,7,1,3,6,2,3,6,4,12
3,5,1,4,5,1,3,7,5,9
3,6,2,5,3,4,4,4,9,8
2,9,4,4,7,7,3,6,10,11
3,8,3,3,6,5,6,11,8,16
2,12,2,7,9,3,8,10,4,18
8,14,1,9,10,9,5,15,14,25
3,2,2,4,1,6,2,4,9,6
9,9,6,11,9,11,6,9,21,20
3,13,0,3,6,0,3,12,5,26
5,5,4,8,5,8,5,8,10,8
22,27,13,27,24,24,15,33,48,49
2,5,2,2,4,2,1,4,7,8
9,8,4,8,5,10,6,14,16,11
4,10,1,9,7,7,5,7,10,12
1,6,1,0,2,2,0,6,4,7
3,3,2,6,2,5,1,3,8,5
2,3,1,1,2,2,1,3,5,4
0,2,1,1,4,2,0,5,6,11
4,4,2,5,9,6,2,4,6,15
8,11,4,14,10,6,11,13,11,25
10,12,8,16,8,12,8,15,23,27
3,3,1,3,3,4,3,8,9,10
4,8,4,6,8,5,6,8,10,13
1,6,0,2,5,1,2,5,3,8
7,6,7,11,5,11,10,13,20,14
2,3,3,7,4,6,3,3,11,8
2,6,0,6,5,3,6,6,9,14
2,11,2,11,8,6,9,7,12,10
7,7,5,9,5,11,7,8,18,13
5,10,4,10,6,11,3,8,16,14
8,18,7,10,13,8,8,10,18,19
2,5,2,2,6,5,2,6,9,13
8,8,5,9,6,11,4,6,16,10
4,12,4,10,9,6,4,12,12,26
6,3,4,9,3,11,4,1,12,5
6,7,5,6,3,3,4,7,14,12
0,3,2,4,4,3,0,6,2,7
5,13,3,6,6,9,4,6,13,18
2,8,2,4,8,4,5,6,7,12
8,10,8,10,10,8,7,11,21,24
2,6,2,6,5,3,2,5,4,8
9,7,4,5,3,6,4,6,14,10
7,4,1,8,1,6,0,6,14,4
5,8,4,7,9,8,11,7,13,17
3,6,1,4,3,4,3,3,8,8
1,4,1,4,2,5,1,5,10,5
1,12,2,5,4,4,2,10,8,16
1,6,3,2,3,1,4,4,7,6
4,5,3,6,2,7,4,3,8,4
4,3,2,3,2,1,3,5,4,6
2,5,1,5,4,4,1,5,4,7
0,8,2,0,5,3,6,4,2,9
3,3,1,5,3,5,4,4,5,6
5,15,4,14,8,7,7,13,15,22
4,10,2,5,10,4,5,8,9,14
12,9,8,11,5,10,4,8,24,13
5,6,7,8,3,5,2,5,7,11
12,24,12,9,14,13,11,19,33,26
0,3,0,4,2,2,3,3,6,6
0,2,0,1,3,3,1,6,2,9
3,2,1,3,1,5,4,3,8,4
3,4,2,5,2,2,1,4,7,11
4,6,3,4,3,5,2,4,12,10
3,4,2,3,4,4,3,3,8,6
5,4,2,6,2,6,4,3,8,5
7,14,7,8,9,11,8,28,20,40
0,1,1,1,1,2,0,2,3,4
3,3,2,2,3,0,3,4,3,7
6,12,5,10,14,7,10,12,14,16
26,33,11,28,16,21,25,22,53,47
1,2,1,3,2,1,1,3,5,5
3,7,1,2,8,3,4,9,6,11
9,7,5,13,7,7,7,11,17,15
0,4,0,5,3,2,5,7,5,5
2,5,1,5,4,3,2,4,8,10
5,15,5,11,12,12,9,19,14,28
8,12,3,10,4,8,5,7,15,10
5,9,8,6,7,5,3,13,13,15
10,16,9,11,13,10,7,16,28,33
6,10,6,9,8,12,4,11,19,24
1,2,1,1,4,3,2,6,5,8
3,4,2,6,1,5,4,2,9,3
2,3,1,5,3,6,0,4,7,4
2,3,1,2,1,3,1,2,6,2
5,9,3,5,2,4,2,4,9,10
2,9,1,5,5,2,7,7,4,9
2,8,1,2,10,4,4,13,5,16
2,11,2,7,6,7,4,6,9,17
1,5,2,2,4,5,3,6,5,5
3,11,2,4,8,6,4,10,9,17
1,4,1,2,5,6,3,5,5,10
9,9,4,12,4,9,6,10,21,13
1,2,2,2,0,1,0,3,3,3
0,6,0,1,5,2,1,4,1,10
1,7,1,3,2,4,2,3,6,3
2,6,1,2,6,3,1,4,6,10
1,8,0,5,8,3,3,4,7,16
4,7,5,3,6,3,5,8,11,14
2,5,3,4,5,3,4,3,6,8
7,5,4,5,2,4,2,5,11,6
1,4,2,3,5,2,4,4,6,10
0,2,0,4,1,2,2,6,3,3
7,11,8,5,8,8,2,10,15,17
4,4,4,6,3,7,1,1,7,5
4,4,2,5,3,3,5,3,6,4
3,9,1,4,6,2,2,5,7,13
3,4,3,6,1,3,4,2,6,3
0,2,2,1,2,0,1,4,3,5
12,8,7,13,7,11,6,9,17,12
4,11,1,7,7,10,3,11,16,19
5,11,3,8,9,11,4,12,14,20
4,6,5,6,3,7,4,4,11,5
0,7,0,2,2,2,2,3,2,5
3,9,2,7,6,4,3,11,8,13
1,7,2,3,5,3,4,14,8,17
3,3,1,7,2,5,2,2,7,7
1,5,1,1,6,2,1,10,5,11
2,5,2,2,2,1,0,5,5,8
1,2,2,5,1,4,1,3,9,4
7,6,5,12,4,13,5,4,18,10
2,7,1,2,5,3,4,4,6,9
9,6,6,12,6,7,6,7,19,10
4,11,6,6,8,5,6,7,11,16
7,10,6,8,8,5,9,10,15,18
4,7,1,6,6,5,4,6,10,11
0,6,0,6,6,4,1,5,6,8
5,8,4,7,6,5,5,7,9,13
1,6,3,5,6,6,3,8,14,12
3,6,2,4,3,7,4,7,7,6
14,11,12,14,8,13,9,10,17,17
5,15,3,10,13,5,9,14,14,22
9,12,9,11,9,7,8,12,20,20
11,13,4,12,10,13,6,12,15,20
1,3,0,1,2,2,1,8,1,7
3,3,2,6,3,4,2,4,7,6
4,4,2,6,4,6,8,8,12,10
5,11,3,8,7,5,5,9,14,19
8,12,4,12,4,10,9,9,19,17
2,1,2,3,0,6,1,2,7,3
12,14,8,11,14,8,15,20,24,33
9,8,8,9,8,8,6,6,15,15
14,12,13,17,10,10,10,12,28,19
6,20,4,7,14,12,12,19,18,36
6,11,4,4,7,4,5,11,15,25
1,10,1,6,3,5,2,8,7,13
4,5,1,2,2,5,3,5,8,6
1,5,2,0,2,4,2,3,7,5
6,2,5,5,5,6,4,6,8,11
4,6,4,5,5,6,5,5,9,8
1,8,0,2,7,4,2,6,5,10
2,8,2,4,6,3,3,8,4,8
6,10,5,8,7,9,4,8,11,15
3,2,2,3,2,4,1,4,8,3
6,3,3,5,8,7,5,14,10,17
7,6,6,10,6,11,7,14,18,15
12,24,9,16,18,15,11,21,24,39
1,3,1,3,5,3,0,6,4,10
8,12,4,4,14,10,8,13,17,24
9,12,4,12,6,12,4,7,15,15
4,5,5,3,5,6,5,7,8,10
7,7,8,8,5,10,4,6,11,14
4,10,5,7,6,8,6,10,15,15
7,13,7,6,9,11,10,13,17,22
15,27,9,22,18,21,14,29,45,45
7,13,6,12,8,7,9,12,18,19
3,9,3,6,6,6,7,10,6,14
2,8,3,4,8,5,3,6,8,16
3,7,5,6,4,5,2,4,11,6
0,6,0,2,4,4,3,5,4,6
0,3,1,2,2,3,2,7,5,9
11,9,9,15,9,12,8,8,26,19
3,6,2,5,5,6,3,9,7,14
2,9,5,4,8,6,6,9,8,15
0,2,0,0,3,3,1,5,3,6
8,6,5,9,7,9,5,10,17,17
2,7,2,5,7,4,5,7,9,13
8,8,7,20,10,7,4,14,20,24
5,6,5,4,5,3,3,3,7,7
3,8,3,5,6,4,1,4,7,9
2,5,1,3,3,4,2,3,6,5
4,12,5,6,9,7,7,13,8,26
18,20,11,21,9,16,14,29,37,38
3,4,3,4,4,4,3,8,5,10
3,3,2,3,1,5,2,2,4,7
8,15,7,10,13,5,5,16,20,25
12,10,14,28,10,18,12,13,33,23
0,7,0,2,5,2,3,6,3,10
3,4,2,4,2,4,4,6,7,8
1,4,0,5,2,4,3,2,8,6
7,7,7,8,7,7,2,6,14,13
4,12,6,6,9,9,4,12,22,22
6,10,5,8,2,3,8,5,15,12
3,8,5,5,6,6,3,5,11,11
3,3,2,4,1,1,5,2,8,2
6,11,5,4,6,8,6,6,11,10
4,2,1,7,3,4,2,4,10,8
1,7,0,3,6,3,3,5,3,9
2,8,3,5,4,4,2,6,4,10
2,7,1,3,3,8,1,5,11,9
3,8,5,7,6,3,5,7,8,11
14,17,10,18,17,24,11,16,34,32
12,23,10,12,22,11,12,22,23,43
5,12,7,8,8,9,5,8,17,12
13,24,10,15,19,23,14,23,33,34
4,4,4,3,3,5,5,5,12,7
2,3,2,1,2,1,1,3,5,6
8,9,5,8,6,7,3,12,19,19
7,7,4,6,7,6,9,9,15,17
5,3,3,6,3,6,2,2,7,7
29,46,23,49,35,40,32,59,75,88
1,8,2,3,6,4,7,8,8,16
0,2,0,1,0,1,0,1,5,2
5,2,4,4,3,7,2,8,10,7
9,13,9,21,18,15,6,22,30,35
0,3,0,3,1,5,2,2,9,3
3,4,2,1,2,2,1,4,5,4
10,17,10,10,12,11,10,16,20,23
10,15,9,13,10,12,10,21,19,25
0,4,1,2,3,0,4,4,2,8
8,11,7,12,6,12,4,6,20,19
1,5,2,4,2,5,1,6,5,8
4,10,5,12,6,5,6,7,12,15
0,6,2,2,4,3,3,6,4,9
4,5,2,8,3,7,3,6,11,8
3,9,4,8,10,9,6,9,13,15
1,8,2,2,6,1,2,6,3,10
4,7,4,4,7,6,9,9,10,15
1,7,2,4,5,3,4,8,4,10
36,42,20,61,29,38,23,51,82,87
2,8,3,2,4,4,3,6,5,10
0,5,1,0,4,5,2,6,2,8
10,14,8,13,8,12,8,9,20,15
3,5,3,2,6,2,5,5,8,14
5,4,6,7,2,7,3,5,13,6
6,6,5,6,2,2,4,6,14,11
2,6,2,5,4,6,7,4,8,8
2,3,3,3,2,1,2,4,3,6
3,10,4,7,7,10,3,10,12,19
14,27,10,26,21,19,22,28,45,63
8,9,8,9,7,9,7,10,21,17
5,11,5,7,7,6,4,14,11,22
1,10,2,5,9,3,2,8,5,13
2,5,2,3,2,5,3,2,9,4
5,5,2,5,6,3,2,5,10,10
1,2,3,8,1,6,4,3,7,4
2,12,2,7,8,5,8,14,7,22
6,8,6,7,5,7,6,10,18,13
6,10,5,6,10,5,7,15,10,22
3,3,3,2,1,4,2,5,6,6
10,15,8,7,12,8,4,17,21,23
9,9,8,13,7,12,8,10,17,16
5,12,2,11,9,6,7,10,14,18
5,8,7,5,8,7,2,9,13,16
7,12,2,10,6,10,5,10,19,14
7,14,4,16,6,9,5,17,18,21
2,6,1,5,5,5,4,4,9,6
5,2,4,5,3,3,2,3,6,7
6,21,8,13,17,18,9,18,25,31
7,12,8,7,9,6,5,11,13,13
6,12,7,8,8,12,7,12,18,18
2,8,0,6,5,4,3,11,7,12
3,2,1,4,3,3,4,6,11,6
1,6,1,2,4,3,3,5,3,7
1,4,0,4,4,2,4,4,7,5
1,0,0,2,1,1,2,2,7,3
0,8,0,3,2,3,2,4,3,10
1,10,2,3,6,2,2,9,8,12
5,9,2,5,8,3,3,9,8,23
3,4,2,5,2,4,6,2,10,8
3,5,1,4,1,5,5,2,8,7
0,3,1,2,1,0,1,0,4,5
1,6,2,2,8,2,2,7,6,11
3,11,1,7,3,6,3,11,9,20
2,3,3,2,4,3,2,3,4,7
1,4,1,1,1,1,0,3,2,4
3,8,4,5,5,3,5,6,5,7
3,7,2,6,7,4,4,9,8,18
1,3,3,1,2,3,3,3,4,6
5,7,3,6,6,10,5,9,13,13
2,5,1,2,6,3,1,6,2,13
11,24,6,16,17,13,13,23,30,33
2,8,2,3,6,4,5,5,8,11
5,14,1,2,8,1,4,10,7,15
3,3,5,5,1,3,2,6,8,10
13,12,6,23,10,15,10,15,23,18
8,19,7,13,14,11,13,18,31,40
5,4,4,8,3,11,4,3,14,4
3,10,7,5,7,9,8,12,13,14
2,14,5,3,11,3,5,13,7,17
5,5,4,7,0,7,2,1,12,7
2,5,3,3,2,5,0,4,10,10
1,4,1,3,4,3,0,7,2,6
7,5,3,8,4,7,5,5,12,8
7,8,7,13,4,9,3,8,17,11
3,5,3,5,3,5,3,4,8,6
3,2,3,1,1,2,1,2,9,3
1,6,0,2,4,3,1,7,5,8
9,7,7,8,6,10,2,9,11,12
3,10,4,12,11,12,5,17,18,18
0,5,0,2,5,2,3,8,3,11
3,3,2,5,1,2,1,6,4,3
4,4,3,2,3,4,2,6,8,7
7,8,6,7,10,6,4,8,13,19
4,6,2,8,3,10,2,6,10,11
7,7,6,11,5,10,4,8,14,6
2,6,1,3,5,3,1,5,3,8
3,3,5,4,3,5,2,4,8,7
3,8,2,5,3,6,3,4,10,8
1,7,1,2,6,2,4,7,5,10
3,3,1,4,1,4,3,2,5,3
1,6,1,6,7,7,2,7,9,17
4,9,2,4,5,5,3,8,10,10
2,8,5,5,4,2,4,7,6,12
1,11,0,4,6,2,5,8,6,15
3,7,0,8,8,4,3,12,9,21
7,6,4,4,4,6,2,5,12,11
4,4,4,6,4,2,4,7,10,8
10,8,4,9,5,10,6,8,14,13
3,10,3,8,11,7,11,9,19,25
7,10,3,6,6,9,4,15,15,15
2,6,2,2,4,4,1,5,7,8
5,11,4,8,5,8,7,14,16,18
5,5,10,7,4,6,3,4,14,5
3,9,3,4,6,5,3,10,12,9
3,11,3,4,6,5,3,8,8,11
3,2,2,4,2,7,1,4,13,7
4,4,5,10,5,8,6,8,10,16
7,16,8,12,8,9,8,13,20,18
5,12,6,9,6,8,10,8,12,18
2,4,1,3,2,6,2,4,6,6
0,5,1,2,4,1,1,4,2,10
3,5,2,4,4,3,2,4,7,8
2,4,3,4,1,5,1,3,5,6
3,6,4,6,8,6,2,12,12,15
1,5,0,2,4,5,5,3,4,7
2,8,3,2,10,6,3,10,9,15
6,6,3,5,8,8,4,7,20,15
10,22,5,12,14,8,11,16,20,29
9,15,10,18,9,12,10,10,33,14
1,8,2,6,5,9,4,7,8,12
9,15,6,16,8,15,8,13,28,22
5,10,4,9,5,6,4,11,12,13
13,21,5,14,16,13,13,20,31,36
4,7,5,7,5,5,5,9,10,11
7,22,5,10,18,16,12,19,29,38
3,6,5,4,6,6,5,6,14,15
2,5,2,6,3,3,2,5,8,5
4,8,6,6,6,5,6,10,14,12
10,4,7,9,5,10,2,11,19,12
2,4,3,2,3,1,3,6,5,7
8,14,8,7,10,8,10,12,14,19
9,11,8,10,9,8,9,12,25,22
5,7,4,3,3,5,5,8,7,18
3,10,5,6,6,4,4,8,14,18
21,22,21,26,8,27,18,22,50,35
3,12,5,6,10,9,4,14,15,22
4,4,4,4,2,5,2,2,10,10
5,5,6,5,2,4,2,4,9,4
16,11,18,21,7,22,5,12,35,14
6,13,7,6,11,8,9,16,13,16
14,10,9,13,11,13,6,18,17,25
5,12,3,6,6,7,5,7,13,18
3,5,6,7,2,5,2,3,15,11
3,14,3,5,12,5,5,14,11,22
1,6,1,3,3,1,1,5,1,4
10,10,8,15,10,16,6,11,21,15
4,8,2,8,7,6,3,10,13,14
4,2,3,8,2,4,3,4,6,7
2,4,2,7,4,5,5,3,9,13
8,5,6,7,5,10,4,9,13,9
5,13,2,7,6,5,6,9,17,14
0,4,1,0,3,0,1,3,1,3
1,5,2,0,2,0,2,3,4,7
2,3,2,1,3,2,1,3,3,11
6,12,4,10,9,8,5,10,11,13
5,1,6,8,1,7,1,4,11,4
7,11,5,8,4,7,7,7,16,13
9,12,7,15,9,13,7,9,23,19
5,15,5,8,8,9,6,10,17,17
10,12,6,9,13,12,4,13,20,23
0,4,0,1,4,0,1,5,2,7
1,10,1,8,10,6,11,13,14,19
1,4,3,1,5,4,0,5,4,7
6,4,8,7,2,5,6,4,8,6
1,4,0,3,3,0,1,3,2,5
4,14,3,7,10,4,7,13,9,33
4,6,4,4,4,7,2,5,8,7
1,5,3,3,5,1,5,4,4,9
3,8,3,5,7,4,6,5,10,8
0,2,0,1,2,2,0,2,5,6
0,4,1,5,2,1,0,5,5,8
1,6,1,3,2,4,4,5,7,5
1,2,1,1,3,3,2,5,5,7
11,8,5,10,6,13,5,9,20,12
10,16,4,9,8,11,6,7,20,23
10,5,4,12,1,9,3,9,19,11
2,5,1,2,3,2,3,5,3,6
2,5,1,3,6,5,6,3,7,9
2,5,2,2,3,5,3,8,6,15
4,6,2,6,4,6,1,5,8,7
2,4,2,3,3,4,3,4,4,4
0,2,2,5,1,5,2,3,4,5
2,7,2,1,2,3,2,6,4,5
2,9,3,6,4,3,4,5,9,9
5,2,3,6,1,5,3,2,7,5
8,7,4,8,4,8,6,5,14,13
1,4,1,7,1,6,3,4,9,7
4,9,1,8,4,8,4,11,12,13
0,8,2,0,5,4,1,5,6,7
2,9,3,3,7,4,5,8,8,11
2,1,3,2,2,1,2,3,3,4
2,12,1,3,6,6,7,7,9,12
1,4,1,3,2,2,4,5,5,9
1,3,2,2,3,2,2,1,5,3
1,7,0,3,3,4,5,4,5,10
7,10,8,10,11,9,7,13,16,23
2,10,3,5,10,7,8,12,10,25
9,6,4,8,6,8,5,9,15,10
4,4,1,4,1,5,2,7,10,14
0,9,2,3,13,3,4,14,7,21
5,4,5,7,3,7,1,4,11,6
12,13,9,20,13,23,12,9,30,20
5,7,4,7,6,5,5,8,12,11
8,14,5,12,7,13,7,13,24,21
0,3,0,3,2,1,2,4,3,8
14,15,8,20,12,15,8,14,31,30
5,11,3,12,7,11,5,13,17,21
3,8,4,4,5,4,6,8,7,15
5,6,4,6,4,5,3,5,8,6
1,6,3,2,3,3,4,7,5,8
10,8,10,19,7,11,9,13,33,27
15,32,14,29,25,19,17,32,37,60
3,6,3,7,0,4,2,3,11,2
7,11,5,12,6,9,6,12,25,19
5,4,4,4,2,6,4,5,14,8
1,2,1,3,2,3,0,3,7,8
4,10,4,10,7,7,5,11,12,18
4,4,4,3,6,6,2,6,6,14
3,4,5,6,5,9,4,7,18,16
1,5,1,2,5,1,2,7,5,7
3,7,2,9,4,3,7,2,9,10
1,4,2,2,8,9,3,4,7,10
8,8,9,7,7,13,3,7,18,11
1,1,0,2,2,1,0,4,3,5
2,7,0,5,2,3,0,4,8,15
5,7,3,8,3,9,3,2,12,5
2,9,3,7,6,3,6,11,10,12
7,5,2,8,1,6,3,2,19,9
5,2,2,9,1,7,5,1,12,8
2,5,2,3,3,4,2,6,9,8
3,4,3,3,4,1,3,5,7,5
13,10,11,15,9,14,8,11,25,21
4,9,1,8,9,3,5,11,12,14
5,8,5,8,2,3,4,8,13,11
6,7,8,7,5,7,5,9,15,10
4,4,2,7,4,6,4,2,10,7
3,10,1,6,10,11,7,12,15,22
1,10,3,7,3,7,5,3,15,11
6,9,5,10,9,10,8,9,16,20
1,8,0,2,8,2,4,8,4,10
6,12,2,7,6,8,7,12,13,12
3,3,1,5,2,5,2,7,6,9
1,3,2,3,4,1,2,7,9,9
0,3,1,0,3,1,1,4,1,9
2,7,2,5,5,5,2,10,6,10
5,8,1,6,6,4,6,5,7,16
0,6,1,2,5,2,2,6,4,8
3,9,2,5,6,7,3,8,11,14
4,5,4,6,4,6,3,6,6,6
6,7,4,13,4,6,8,17,14,20
2,4,0,2,4,4,0,5,3,8
8,7,4,8,5,7,5,10,16,18
3,8,2,4,6,3,5,5,6,12
8,14,2,6,15,9,10,16,18,40
4,6,3,7,4,7,5,3,10,7
9,5,4,12,4,8,4,5,15,8
5,13,4,5,14,7,5,14,12,21
5,5,4,9,3,9,5,5,12,7
16,19,9,17,16,19,20,25,38,56
1,4,0,1,1,3,0,5,3,4
4,9,3,10,3,10,1,10,12,9
6,11,4,10,7,12,4,11,16,14
7,10,6,9,11,9,6,11,16,18
4,8,6,5,7,6,6,9,10,16
5,4,2,5,1,4,2,0,8,5
0,4,0,0,2,0,1,2,0,5
5,12,4,8,8,10,3,12,12,18
1,4,3,2,3,1,1,3,4,4
9,6,7,13,6,14,6,15,23,17
7,9,4,10,5,9,4,5,12,7
3,3,1,3,7,3,2,6,7,10
1,6,2,2,3,2,5,6,6,6
5,8,3,6,4,1,2,9,12,11
2,20,5,8,16,5,13,19,9,32
5,8,7,5,4,6,5,4,15,6
4,2,3,3,2,3,2,1,6,7
6,2,4,6,2,6,2,5,7,6
4,5,2,5,3,3,2,2,6,5
1,6,1,2,3,2,2,5,5,4
3,4,3,6,5,2,7,9,7,11
1,4,2,4,2,4,2,3,9,3
3,8,3,5,4,4,3,3,10,7
2,9,4,4,6,3,8,5,10,10
12,14,6,10,10,8,13,10,15,16
4,9,3,4,7,3,6,9,7,12
1,9,1,3,7,1,6,12,2,14
3,8,2,6,7,5,5,16,8,23
7,10,3,10,6,9,5,8,15,19
6,15,2,11,9,7,6,10,17,26
1,8,1,6,3,4,3,3,10,10
2,13,1,5,11,5,2,9,7,22
9,7,5,10,8,12,7,9,16,11
1,6,2,3,6,2,5,5,6,10
8,8,4,7,6,9,5,8,17,13
3,10,2,7,9,3,7,12,9,16
11,8,4,7,9,9,5,10,18,20
4,2,3,4,2,5,2,1,7,2
1,5,1,3,5,1,1,11,4,9
1,1,0,3,0,1,3,1,6,2
5,13,4,7,8,7,5,10,14,17
6,10,7,10,6,13,7,7,23,17
4,4,5,4,2,1,3,2,7,5
3,9,2,4,8,8,3,15,9,20
8,8,6,10,10,14,4,8,21,16
9,8,2,9,6,8,4,12,16,15
3,4,1,6,3,7,3,2,12,8
12,10,8,13,8,15,9,16,34,21
8,6,10,5,7,8,5,8,17,15
1,3,2,3,2,2,2,6,4,6
0,3,0,1,2,2,1,3,5,6
4,4,4,5,4,3,7,9,9,8
3,13,2,9,3,9,5,6,16,13
1,6,2,1,4,1,1,6,5,11
4,7,2,8,4,9,6,5,12,8
8,10,8,15,12,10,8,12,27,25
4,8,4,8,3,4,3,3,8,4
2,4,2,3,2,3,0,4,7,8
4,22,6,8,20,10,10,19,19,50
6,16,4,6,12,9,10,19,17,29
1,4,1,2,3,2,1,6,4,7
2,8,1,4,6,3,3,11,8,14
12,12,12,17,3,16,5,7,35,15
0,6,0,2,2,0,0,2,1,2
3,4,3,4,3,4,2,3,9,6
2,6,2,5,3,2,2,7,7,10
10,21,9,14,20,21,11,26,35,41
3,2,5,3,0,7,1,1,10,0
7,12,6,14,7,9,10,8,15,22
4,5,2,4,0,3,3,1,8,2
3,12,3,3,7,2,5,7,5,11
3,3,2,4,1,3,0,4,4,2
5,9,2,3,3,1,7,5,9,7
3,13,3,8,7,7,3,18,12,22
0,4,2,4,2,2,0,3,5,9
7,14,9,10,8,13,6,11,18,13
4,5,7,5,5,9,3,10,16,10
0,2,1,3,1,1,1,2,7,3
1,7,1,5,7,3,6,7,7,12
4,4,0,2,4,1,4,3,6,6
3,11,4,7,4,8,5,11,7,23
0,4,0,2,2,4,1,3,3,4
11,16,7,18,9,10,7,16,19,29
1,7,2,3,4,4,4,4,9,7
11,13,9,15,13,12,7,17,21,22
2,1,3,6,2,2,1,5,6,9
1,4,3,2,5,2,2,5,7,9
11,18,5,23,16,17,10,19,29,26
0,5,0,2,5,1,1,5,2,7
2,5,3,4,4,5,3,4,6,7
1,11,1,4,4,7,4,6,8,13
10,15,5,18,9,10,10,21,18,37
4,5,4,2,4,9,4,10,9,13
14,22,10,26,28,25,11,28,46,57
8,7,7,9,6,7,5,8,12,14
5,4,2,7,3,7,2,4,14,7
2,2,1,2,4,2,2,3,4,5
1,4,1,3,4,3,0,4,6,6
1,10,2,5,3,8,5,7,9,9
1,4,2,3,3,3,5,4,5,7
10,20,7,13,15,6,9,21,25,47
4,9,2,9,9,7,7,13,13,18
1,10,1,1,7,1,5,7,1,12
4,11,3,5,8,7,4,13,8,17
8,12,7,10,16,8,6,16,13,31
1,3,0,6,0,2,1,1,7,1
19,15,18,20,8,14,7,12,36,16
3,5,3,5,2,4,4,11,8,11
5,5,4,4,5,5,5,6,10,9
11,17,9,12,11,14,10,21,25,26
4,4,2,4,1,1,4,4,7,7
3,11,3,4,8,3,4,12,9,20
4,5,3,6,3,2,5,4,13,8
9,12,7,14,8,9,9,14,16,20
2,4,3,2,4,2,3,4,6,11
2,6,2,3,3,4,3,6,12,14
3,9,0,6,3,2,2,5,8,11
3,4,3,4,11,4,5,9,8,16
